------------------------------------------------------------------------
-- TABLE INSERTION
------------------------------------------------------------------------
 
------------------------------------------------------------------------
-- BCP_DEPARTMENT
------------------------------------------------------------------------
	 
INSERT INTO BCP_DEPARTMENT (ID, NAME) VALUES (1,'AMAZONAS');
INSERT INTO BCP_DEPARTMENT (ID, NAME) VALUES (2,'ANCASH');
INSERT INTO BCP_DEPARTMENT (ID, NAME) VALUES (3,'APURIMAC');
INSERT INTO BCP_DEPARTMENT (ID, NAME) VALUES (4,'AREQUIPA');
INSERT INTO BCP_DEPARTMENT (ID, NAME) VALUES (5,'AYACUCHO');
INSERT INTO BCP_DEPARTMENT (ID, NAME) VALUES (6,'CAJAMARCA');
INSERT INTO BCP_DEPARTMENT (ID, NAME) VALUES (7,'CALLAO');
INSERT INTO BCP_DEPARTMENT (ID, NAME) VALUES (8,'CUSCO');
INSERT INTO BCP_DEPARTMENT (ID, NAME) VALUES (9,'HUANCAVELICA');
INSERT INTO BCP_DEPARTMENT (ID, NAME) VALUES (10,'HUANUCO');
INSERT INTO BCP_DEPARTMENT (ID, NAME) VALUES (11,'ICA');
INSERT INTO BCP_DEPARTMENT (ID, NAME) VALUES (12,'JUNIN');
INSERT INTO BCP_DEPARTMENT (ID, NAME) VALUES (13,'LA LIBERTAD');
INSERT INTO BCP_DEPARTMENT (ID, NAME) VALUES (14,'LAMBAYEQUE');
INSERT INTO BCP_DEPARTMENT (ID, NAME) VALUES (15,'LIMA');
INSERT INTO BCP_DEPARTMENT (ID, NAME) VALUES (16,'LORETO');
INSERT INTO BCP_DEPARTMENT (ID, NAME) VALUES (17,'MADRE DE DIOS');
INSERT INTO BCP_DEPARTMENT (ID, NAME) VALUES (18,'MOQUEGUA');
INSERT INTO BCP_DEPARTMENT (ID, NAME) VALUES (19,'PASCO');
INSERT INTO BCP_DEPARTMENT (ID, NAME) VALUES (20,'PIURA');
INSERT INTO BCP_DEPARTMENT (ID, NAME) VALUES (21,'PUNO');
INSERT INTO BCP_DEPARTMENT (ID, NAME) VALUES (22,'SAN MARTIN');
INSERT INTO BCP_DEPARTMENT (ID, NAME) VALUES (23,'TACNA');
INSERT INTO BCP_DEPARTMENT (ID, NAME) VALUES (24,'TUMBES');
INSERT INTO BCP_DEPARTMENT (ID, NAME) VALUES (25,'UCAYALI');
	 
------------------------------------------------------------------------
-- BCP_PROVINCE
------------------------------------------------------------------------
	
INSERT INTO BCP_PROVINCE (ID, NAME, ID_DEPARTMENT) VALUES (1,'BAGUA',1);
INSERT INTO BCP_PROVINCE (ID, NAME, ID_DEPARTMENT) VALUES (2,'BONGARA',1);
INSERT INTO BCP_PROVINCE (ID, NAME, ID_DEPARTMENT) VALUES (3,'CHACHAPOYAS',1);
INSERT INTO BCP_PROVINCE (ID, NAME, ID_DEPARTMENT) VALUES (4,'CONDORCANQUI',1);
INSERT INTO BCP_PROVINCE (ID, NAME, ID_DEPARTMENT) VALUES (5,'LUYA',1);
INSERT INTO BCP_PROVINCE (ID, NAME, ID_DEPARTMENT) VALUES (6,'RODRIGUEZ DE MENDO',1);
INSERT INTO BCP_PROVINCE (ID, NAME, ID_DEPARTMENT) VALUES (7,'UTCUBAMBA',1);
INSERT INTO BCP_PROVINCE (ID, NAME, ID_DEPARTMENT) VALUES (8,'AIJA',2);
INSERT INTO BCP_PROVINCE (ID, NAME, ID_DEPARTMENT) VALUES (9,'ANTONIO RAYMONDI',2);
INSERT INTO BCP_PROVINCE (ID, NAME, ID_DEPARTMENT) VALUES (10,'ASUNCION',2);
INSERT INTO BCP_PROVINCE (ID, NAME, ID_DEPARTMENT) VALUES (11,'BOLOGNESI',2);
INSERT INTO BCP_PROVINCE (ID, NAME, ID_DEPARTMENT) VALUES (12,'CARHUAZ',2);
INSERT INTO BCP_PROVINCE (ID, NAME, ID_DEPARTMENT) VALUES (13,'CARLOS F. FITZCARRAL',2);
INSERT INTO BCP_PROVINCE (ID, NAME, ID_DEPARTMENT) VALUES (14,'CASMA',2);
INSERT INTO BCP_PROVINCE (ID, NAME, ID_DEPARTMENT) VALUES (15,'CORONGO',2);
INSERT INTO BCP_PROVINCE (ID, NAME, ID_DEPARTMENT) VALUES (16,'HUARAZ',2);
INSERT INTO BCP_PROVINCE (ID, NAME, ID_DEPARTMENT) VALUES (17,'HUARI',2);
INSERT INTO BCP_PROVINCE (ID, NAME, ID_DEPARTMENT) VALUES (18,'HUARMEY',2);
INSERT INTO BCP_PROVINCE (ID, NAME, ID_DEPARTMENT) VALUES (19,'HUAYLAS',2);
INSERT INTO BCP_PROVINCE (ID, NAME, ID_DEPARTMENT) VALUES (20,'MARISCAL LUZURIAGA',2);
INSERT INTO BCP_PROVINCE (ID, NAME, ID_DEPARTMENT) VALUES (21,'OCROS',2);
INSERT INTO BCP_PROVINCE (ID, NAME, ID_DEPARTMENT) VALUES (22,'PALLASCA',2);
INSERT INTO BCP_PROVINCE (ID, NAME, ID_DEPARTMENT) VALUES (23,'POMABAMBA',2);
INSERT INTO BCP_PROVINCE (ID, NAME, ID_DEPARTMENT) VALUES (24,'RECUAY',2);
INSERT INTO BCP_PROVINCE (ID, NAME, ID_DEPARTMENT) VALUES (25,'SANTA',2);
INSERT INTO BCP_PROVINCE (ID, NAME, ID_DEPARTMENT) VALUES (26,'SIHUAS',2);
INSERT INTO BCP_PROVINCE (ID, NAME, ID_DEPARTMENT) VALUES (27,'YUNGAY',2);
INSERT INTO BCP_PROVINCE (ID, NAME, ID_DEPARTMENT) VALUES (28,'ABANCAY',3);
INSERT INTO BCP_PROVINCE (ID, NAME, ID_DEPARTMENT) VALUES (29,'ANDAHUAYLAS',3);
INSERT INTO BCP_PROVINCE (ID, NAME, ID_DEPARTMENT) VALUES (30,'ANTABAMBA',3);
INSERT INTO BCP_PROVINCE (ID, NAME, ID_DEPARTMENT) VALUES (31,'AYMARAES',3);
INSERT INTO BCP_PROVINCE (ID, NAME, ID_DEPARTMENT) VALUES (32,'CHINCHEROS',3);
INSERT INTO BCP_PROVINCE (ID, NAME, ID_DEPARTMENT) VALUES (33,'COTABAMBAS',3);
INSERT INTO BCP_PROVINCE (ID, NAME, ID_DEPARTMENT) VALUES (34,'GRAU',3);
INSERT INTO BCP_PROVINCE (ID, NAME, ID_DEPARTMENT) VALUES (35,'AREQUIPA',4);
INSERT INTO BCP_PROVINCE (ID, NAME, ID_DEPARTMENT) VALUES (36,'CAMANA',4);
INSERT INTO BCP_PROVINCE (ID, NAME, ID_DEPARTMENT) VALUES (37,'CARAVELI',4);
INSERT INTO BCP_PROVINCE (ID, NAME, ID_DEPARTMENT) VALUES (38,'CASTILLA',4);
INSERT INTO BCP_PROVINCE (ID, NAME, ID_DEPARTMENT) VALUES (39,'CAYLLOMA',4);
INSERT INTO BCP_PROVINCE (ID, NAME, ID_DEPARTMENT) VALUES (40,'CONDESUYOS',4);
INSERT INTO BCP_PROVINCE (ID, NAME, ID_DEPARTMENT) VALUES (41,'ISLAY',4);
INSERT INTO BCP_PROVINCE (ID, NAME, ID_DEPARTMENT) VALUES (42,'LA UNION',4);
INSERT INTO BCP_PROVINCE (ID, NAME, ID_DEPARTMENT) VALUES (43,'CANGALLO',5);
INSERT INTO BCP_PROVINCE (ID, NAME, ID_DEPARTMENT) VALUES (44,'HUAMANGA',5);
INSERT INTO BCP_PROVINCE (ID, NAME, ID_DEPARTMENT) VALUES (45,'HUANCA SANCOS',5);
INSERT INTO BCP_PROVINCE (ID, NAME, ID_DEPARTMENT) VALUES (46,'HUANTA',5);
INSERT INTO BCP_PROVINCE (ID, NAME, ID_DEPARTMENT) VALUES (47,'LA MAR',5);
INSERT INTO BCP_PROVINCE (ID, NAME, ID_DEPARTMENT) VALUES (48,'LUCANAS',5);
INSERT INTO BCP_PROVINCE (ID, NAME, ID_DEPARTMENT) VALUES (49,'PARINACOCHAS',5);
INSERT INTO BCP_PROVINCE (ID, NAME, ID_DEPARTMENT) VALUES (50,'PAUCAR DEL SARA SARA',5);
INSERT INTO BCP_PROVINCE (ID, NAME, ID_DEPARTMENT) VALUES (51,'SUCRE',5);
INSERT INTO BCP_PROVINCE (ID, NAME, ID_DEPARTMENT) VALUES (52,'VICTOR FAJARDO',5);
INSERT INTO BCP_PROVINCE (ID, NAME, ID_DEPARTMENT) VALUES (53,'VILCAS HUAMAN',5);
INSERT INTO BCP_PROVINCE (ID, NAME, ID_DEPARTMENT) VALUES (54,'CAJABAMBA',6);
INSERT INTO BCP_PROVINCE (ID, NAME, ID_DEPARTMENT) VALUES (55,'CAJAMARCA',6);
INSERT INTO BCP_PROVINCE (ID, NAME, ID_DEPARTMENT) VALUES (56,'CELENDIN',6);
INSERT INTO BCP_PROVINCE (ID, NAME, ID_DEPARTMENT) VALUES (57,'CHOTA',6);
INSERT INTO BCP_PROVINCE (ID, NAME, ID_DEPARTMENT) VALUES (58,'CONTUMAZA',6);
INSERT INTO BCP_PROVINCE (ID, NAME, ID_DEPARTMENT) VALUES (59,'CUTERVO',6);
INSERT INTO BCP_PROVINCE (ID, NAME, ID_DEPARTMENT) VALUES (60,'HUALGAYOC',6);
INSERT INTO BCP_PROVINCE (ID, NAME, ID_DEPARTMENT) VALUES (61,'JAEN',6);
INSERT INTO BCP_PROVINCE (ID, NAME, ID_DEPARTMENT) VALUES (62,'SAN IGNACIO',6);
INSERT INTO BCP_PROVINCE (ID, NAME, ID_DEPARTMENT) VALUES (63,'SAN MARCOS',6);
INSERT INTO BCP_PROVINCE (ID, NAME, ID_DEPARTMENT) VALUES (64,'SAN MIGUEL',6);
INSERT INTO BCP_PROVINCE (ID, NAME, ID_DEPARTMENT) VALUES (65,'SAN PABLO',6);
INSERT INTO BCP_PROVINCE (ID, NAME, ID_DEPARTMENT) VALUES (66,'SANTA CRUZ',6);
INSERT INTO BCP_PROVINCE (ID, NAME, ID_DEPARTMENT) VALUES (67,'CALLAO',7);
INSERT INTO BCP_PROVINCE (ID, NAME, ID_DEPARTMENT) VALUES (68,'ACOMAYO',8);
INSERT INTO BCP_PROVINCE (ID, NAME, ID_DEPARTMENT) VALUES (69,'ANTA',8);
INSERT INTO BCP_PROVINCE (ID, NAME, ID_DEPARTMENT) VALUES (70,'CALCA',8);
INSERT INTO BCP_PROVINCE (ID, NAME, ID_DEPARTMENT) VALUES (71,'CANAS',8);
INSERT INTO BCP_PROVINCE (ID, NAME, ID_DEPARTMENT) VALUES (72,'CANCHIS',8);
INSERT INTO BCP_PROVINCE (ID, NAME, ID_DEPARTMENT) VALUES (73,'CHUMBIVILCAS',8);
INSERT INTO BCP_PROVINCE (ID, NAME, ID_DEPARTMENT) VALUES (74,'CUSCO',8);
INSERT INTO BCP_PROVINCE (ID, NAME, ID_DEPARTMENT) VALUES (75,'ESPINAR',8);
INSERT INTO BCP_PROVINCE (ID, NAME, ID_DEPARTMENT) VALUES (76,'LA CONVENCION',8);
INSERT INTO BCP_PROVINCE (ID, NAME, ID_DEPARTMENT) VALUES (77,'PARURO',8);
INSERT INTO BCP_PROVINCE (ID, NAME, ID_DEPARTMENT) VALUES (78,'PAUCARTAMBO',8);
INSERT INTO BCP_PROVINCE (ID, NAME, ID_DEPARTMENT) VALUES (79,'QUISPICANCHI',8);
INSERT INTO BCP_PROVINCE (ID, NAME, ID_DEPARTMENT) VALUES (80,'URUBAMBA',8);
INSERT INTO BCP_PROVINCE (ID, NAME, ID_DEPARTMENT) VALUES (81,'ACOBAMBA',9);
INSERT INTO BCP_PROVINCE (ID, NAME, ID_DEPARTMENT) VALUES (82,'ANGARAES',9);
INSERT INTO BCP_PROVINCE (ID, NAME, ID_DEPARTMENT) VALUES (83,'CASTROVIRREYNA',9);
INSERT INTO BCP_PROVINCE (ID, NAME, ID_DEPARTMENT) VALUES (84,'CHURCAMPA',9);
INSERT INTO BCP_PROVINCE (ID, NAME, ID_DEPARTMENT) VALUES (85,'HUANCAVELICA',9);
INSERT INTO BCP_PROVINCE (ID, NAME, ID_DEPARTMENT) VALUES (86,'HUAYTARA',9);
INSERT INTO BCP_PROVINCE (ID, NAME, ID_DEPARTMENT) VALUES (87,'TAYACAJA',9);
INSERT INTO BCP_PROVINCE (ID, NAME, ID_DEPARTMENT) VALUES (88,'AMBO',10);
INSERT INTO BCP_PROVINCE (ID, NAME, ID_DEPARTMENT) VALUES (89,'DOS DE MAYO',10);
INSERT INTO BCP_PROVINCE (ID, NAME, ID_DEPARTMENT) VALUES (90,'HUACAYBAMBA',10);
INSERT INTO BCP_PROVINCE (ID, NAME, ID_DEPARTMENT) VALUES (91,'HUAMALIES',10);
INSERT INTO BCP_PROVINCE (ID, NAME, ID_DEPARTMENT) VALUES (92,'HUANUCO',10);
INSERT INTO BCP_PROVINCE (ID, NAME, ID_DEPARTMENT) VALUES (93,'LAURICOCHA',10);
INSERT INTO BCP_PROVINCE (ID, NAME, ID_DEPARTMENT) VALUES (94,'LEONCIO PRADO',10);
INSERT INTO BCP_PROVINCE (ID, NAME, ID_DEPARTMENT) VALUES (95,'MARA-ON',10);
INSERT INTO BCP_PROVINCE (ID, NAME, ID_DEPARTMENT) VALUES (96,'PACHITEA',10);
INSERT INTO BCP_PROVINCE (ID, NAME, ID_DEPARTMENT) VALUES (97,'PUERTO INCA',10);
INSERT INTO BCP_PROVINCE (ID, NAME, ID_DEPARTMENT) VALUES (98,'YAROWILCA',10);
INSERT INTO BCP_PROVINCE (ID, NAME, ID_DEPARTMENT) VALUES (99,'CHINCHA',11);
INSERT INTO BCP_PROVINCE (ID, NAME, ID_DEPARTMENT) VALUES (100,'ICA',11);
INSERT INTO BCP_PROVINCE (ID, NAME, ID_DEPARTMENT) VALUES (101,'NAZCA',11);
INSERT INTO BCP_PROVINCE (ID, NAME, ID_DEPARTMENT) VALUES (102,'PALPA',11);
INSERT INTO BCP_PROVINCE (ID, NAME, ID_DEPARTMENT) VALUES (103,'PISCO',11);
INSERT INTO BCP_PROVINCE (ID, NAME, ID_DEPARTMENT) VALUES (104,'CHANCHAMAYO',12);
INSERT INTO BCP_PROVINCE (ID, NAME, ID_DEPARTMENT) VALUES (105,'CHUPACA',12);
INSERT INTO BCP_PROVINCE (ID, NAME, ID_DEPARTMENT) VALUES (106,'CONCEPCION',12);
INSERT INTO BCP_PROVINCE (ID, NAME, ID_DEPARTMENT) VALUES (107,'HUANCAYO',12);
INSERT INTO BCP_PROVINCE (ID, NAME, ID_DEPARTMENT) VALUES (108,'JAUJA',12);
INSERT INTO BCP_PROVINCE (ID, NAME, ID_DEPARTMENT) VALUES (109,'JUNIN',12);
INSERT INTO BCP_PROVINCE (ID, NAME, ID_DEPARTMENT) VALUES (110,'SATIPO',12);
INSERT INTO BCP_PROVINCE (ID, NAME, ID_DEPARTMENT) VALUES (111,'TARMA',12);
INSERT INTO BCP_PROVINCE (ID, NAME, ID_DEPARTMENT) VALUES (112,'YAULI',12);
INSERT INTO BCP_PROVINCE (ID, NAME, ID_DEPARTMENT) VALUES (113,'ASCOPE',13);
INSERT INTO BCP_PROVINCE (ID, NAME, ID_DEPARTMENT) VALUES (114,'BOLIVAR',13);
INSERT INTO BCP_PROVINCE (ID, NAME, ID_DEPARTMENT) VALUES (115,'CHEPEN',13);
INSERT INTO BCP_PROVINCE (ID, NAME, ID_DEPARTMENT) VALUES (116,'GRAN CHIMU',13);
INSERT INTO BCP_PROVINCE (ID, NAME, ID_DEPARTMENT) VALUES (117,'JULCAN',13);
INSERT INTO BCP_PROVINCE (ID, NAME, ID_DEPARTMENT) VALUES (118,'OTUZCO',13);
INSERT INTO BCP_PROVINCE (ID, NAME, ID_DEPARTMENT) VALUES (119,'PACASMAYO',13);
INSERT INTO BCP_PROVINCE (ID, NAME, ID_DEPARTMENT) VALUES (120,'PATAZ',13);
INSERT INTO BCP_PROVINCE (ID, NAME, ID_DEPARTMENT) VALUES (121,'SANCHEZ CARRION',13);
INSERT INTO BCP_PROVINCE (ID, NAME, ID_DEPARTMENT) VALUES (122,'SANTIAGO DE CHUCO',13);
INSERT INTO BCP_PROVINCE (ID, NAME, ID_DEPARTMENT) VALUES (123,'TRUJILLO',13);
INSERT INTO BCP_PROVINCE (ID, NAME, ID_DEPARTMENT) VALUES (124,'VIRU',13);
INSERT INTO BCP_PROVINCE (ID, NAME, ID_DEPARTMENT) VALUES (125,'CHICLAYO',14);
INSERT INTO BCP_PROVINCE (ID, NAME, ID_DEPARTMENT) VALUES (126,'FERRE-AFE',14);
INSERT INTO BCP_PROVINCE (ID, NAME, ID_DEPARTMENT) VALUES (127,'LAMBAYEQUE',14);
INSERT INTO BCP_PROVINCE (ID, NAME, ID_DEPARTMENT) VALUES (128,'BARRANCA',15);
INSERT INTO BCP_PROVINCE (ID, NAME, ID_DEPARTMENT) VALUES (129,'CA-ETE',15);
INSERT INTO BCP_PROVINCE (ID, NAME, ID_DEPARTMENT) VALUES (130,'CAJATAMBO',15);
INSERT INTO BCP_PROVINCE (ID, NAME, ID_DEPARTMENT) VALUES (131,'CANTA',15);
INSERT INTO BCP_PROVINCE (ID, NAME, ID_DEPARTMENT) VALUES (132,'HUARAL',15);
INSERT INTO BCP_PROVINCE (ID, NAME, ID_DEPARTMENT) VALUES (133,'HUAROCHIRI',15);
INSERT INTO BCP_PROVINCE (ID, NAME, ID_DEPARTMENT) VALUES (134,'HUAURA',15);
INSERT INTO BCP_PROVINCE (ID, NAME, ID_DEPARTMENT) VALUES (135,'LIMA',15);
INSERT INTO BCP_PROVINCE (ID, NAME, ID_DEPARTMENT) VALUES (136,'OYON',15);
INSERT INTO BCP_PROVINCE (ID, NAME, ID_DEPARTMENT) VALUES (137,'YAUYOS',15);
INSERT INTO BCP_PROVINCE (ID, NAME, ID_DEPARTMENT) VALUES (138,'ALTO AMAZONAS',16);
INSERT INTO BCP_PROVINCE (ID, NAME, ID_DEPARTMENT) VALUES (139,'LORETO',16);
INSERT INTO BCP_PROVINCE (ID, NAME, ID_DEPARTMENT) VALUES (140,'MARISCAL RAMON CASTI',16);
INSERT INTO BCP_PROVINCE (ID, NAME, ID_DEPARTMENT) VALUES (141,'MAYNAS',16);
INSERT INTO BCP_PROVINCE (ID, NAME, ID_DEPARTMENT) VALUES (142,'REQUENA',16);
INSERT INTO BCP_PROVINCE (ID, NAME, ID_DEPARTMENT) VALUES (143,'UCAYALI',16);
INSERT INTO BCP_PROVINCE (ID, NAME, ID_DEPARTMENT) VALUES (144,'MANU',17);
INSERT INTO BCP_PROVINCE (ID, NAME, ID_DEPARTMENT) VALUES (145,'TAHUAMANU',17);
INSERT INTO BCP_PROVINCE (ID, NAME, ID_DEPARTMENT) VALUES (146,'TAMBOPATA',17);
INSERT INTO BCP_PROVINCE (ID, NAME, ID_DEPARTMENT) VALUES (147,'GENERAL SANCHEZ CERR',18);
INSERT INTO BCP_PROVINCE (ID, NAME, ID_DEPARTMENT) VALUES (148,'ILO',18);
INSERT INTO BCP_PROVINCE (ID, NAME, ID_DEPARTMENT) VALUES (149,'MARISCAL NIETO',18);
INSERT INTO BCP_PROVINCE (ID, NAME, ID_DEPARTMENT) VALUES (150,'DANIEL ALCIDES CARRI',19);
INSERT INTO BCP_PROVINCE (ID, NAME, ID_DEPARTMENT) VALUES (151,'OXAPAMPA',19);
INSERT INTO BCP_PROVINCE (ID, NAME, ID_DEPARTMENT) VALUES (152,'PASCO',19);
INSERT INTO BCP_PROVINCE (ID, NAME, ID_DEPARTMENT) VALUES (153,'AYABACA',20);
INSERT INTO BCP_PROVINCE (ID, NAME, ID_DEPARTMENT) VALUES (154,'HUANCABAMBA',20);
INSERT INTO BCP_PROVINCE (ID, NAME, ID_DEPARTMENT) VALUES (155,'MORROPON',20);
INSERT INTO BCP_PROVINCE (ID, NAME, ID_DEPARTMENT) VALUES (156,'PAITA',20);
INSERT INTO BCP_PROVINCE (ID, NAME, ID_DEPARTMENT) VALUES (157,'PIURA',20);
INSERT INTO BCP_PROVINCE (ID, NAME, ID_DEPARTMENT) VALUES (158,'SECHURA',20);
INSERT INTO BCP_PROVINCE (ID, NAME, ID_DEPARTMENT) VALUES (159,'SULLANA',20);
INSERT INTO BCP_PROVINCE (ID, NAME, ID_DEPARTMENT) VALUES (160,'TALARA',20);
INSERT INTO BCP_PROVINCE (ID, NAME, ID_DEPARTMENT) VALUES (161,'AZANGARO',21);
INSERT INTO BCP_PROVINCE (ID, NAME, ID_DEPARTMENT) VALUES (162,'CARABAYA',21);
INSERT INTO BCP_PROVINCE (ID, NAME, ID_DEPARTMENT) VALUES (163,'CHUCUITO',21);
INSERT INTO BCP_PROVINCE (ID, NAME, ID_DEPARTMENT) VALUES (164,'EL COLLAO',21);
INSERT INTO BCP_PROVINCE (ID, NAME, ID_DEPARTMENT) VALUES (165,'HUANCANE',21);
INSERT INTO BCP_PROVINCE (ID, NAME, ID_DEPARTMENT) VALUES (166,'LAMPA',21);
INSERT INTO BCP_PROVINCE (ID, NAME, ID_DEPARTMENT) VALUES (167,'MELGAR',21);
INSERT INTO BCP_PROVINCE (ID, NAME, ID_DEPARTMENT) VALUES (168,'MOHO',21);
INSERT INTO BCP_PROVINCE (ID, NAME, ID_DEPARTMENT) VALUES (169,'PUNO',21);
INSERT INTO BCP_PROVINCE (ID, NAME, ID_DEPARTMENT) VALUES (170,'SAN ANTONIO DE PUTIN',21);
INSERT INTO BCP_PROVINCE (ID, NAME, ID_DEPARTMENT) VALUES (171,'SAN ROMAN',21);
INSERT INTO BCP_PROVINCE (ID, NAME, ID_DEPARTMENT) VALUES (172,'SANDIA',21);
INSERT INTO BCP_PROVINCE (ID, NAME, ID_DEPARTMENT) VALUES (173,'YUNGUYO',21);
INSERT INTO BCP_PROVINCE (ID, NAME, ID_DEPARTMENT) VALUES (174,'BELLAVISTA',22);
INSERT INTO BCP_PROVINCE (ID, NAME, ID_DEPARTMENT) VALUES (175,'EL DORADO',22);
INSERT INTO BCP_PROVINCE (ID, NAME, ID_DEPARTMENT) VALUES (176,'HUALLAGA',22);
INSERT INTO BCP_PROVINCE (ID, NAME, ID_DEPARTMENT) VALUES (177,'LAMAS',22);
INSERT INTO BCP_PROVINCE (ID, NAME, ID_DEPARTMENT) VALUES (178,'MARISCAL CACERES',22);
INSERT INTO BCP_PROVINCE (ID, NAME, ID_DEPARTMENT) VALUES (179,'MOYOBAMBA',22);
INSERT INTO BCP_PROVINCE (ID, NAME, ID_DEPARTMENT) VALUES (180,'PICOTA',22);
INSERT INTO BCP_PROVINCE (ID, NAME, ID_DEPARTMENT) VALUES (181,'RIOJA',22);
INSERT INTO BCP_PROVINCE (ID, NAME, ID_DEPARTMENT) VALUES (182,'SAN MARTIN',22);
INSERT INTO BCP_PROVINCE (ID, NAME, ID_DEPARTMENT) VALUES (183,'TOCACHE',22);
INSERT INTO BCP_PROVINCE (ID, NAME, ID_DEPARTMENT) VALUES (184,'CANDARAVE',23);
INSERT INTO BCP_PROVINCE (ID, NAME, ID_DEPARTMENT) VALUES (185,'JORGE BASADRE',23);
INSERT INTO BCP_PROVINCE (ID, NAME, ID_DEPARTMENT) VALUES (186,'TACNA',23);
INSERT INTO BCP_PROVINCE (ID, NAME, ID_DEPARTMENT) VALUES (187,'TARATA',23);
INSERT INTO BCP_PROVINCE (ID, NAME, ID_DEPARTMENT) VALUES (188,'CONTRALMIRANTE VILLA',24);
INSERT INTO BCP_PROVINCE (ID, NAME, ID_DEPARTMENT) VALUES (189,'TUMBES',24);
INSERT INTO BCP_PROVINCE (ID, NAME, ID_DEPARTMENT) VALUES (190,'ZARUMILLA',24);
INSERT INTO BCP_PROVINCE (ID, NAME, ID_DEPARTMENT) VALUES (191,'ATALAYA',25);
INSERT INTO BCP_PROVINCE (ID, NAME, ID_DEPARTMENT) VALUES (192,'CORONEL PORTILLO',25);
INSERT INTO BCP_PROVINCE (ID, NAME, ID_DEPARTMENT) VALUES (193,'PADRE ABAD',25);
INSERT INTO BCP_PROVINCE (ID, NAME, ID_DEPARTMENT) VALUES (194,'PURUS',25);
	 	 
------------------------------------------------------------------------
-- BCP_DISTRICT
------------------------------------------------------------------------

INSERT INTO BCP_DISTRICT (ID, NAME, ID_PROVINCE) VALUES (1,'ARAMANGO',1);
INSERT INTO BCP_DISTRICT (ID, NAME, ID_PROVINCE) VALUES (2,'COPALLIN',1);
INSERT INTO BCP_DISTRICT (ID, NAME, ID_PROVINCE) VALUES (3,'EL PARCO',1);
INSERT INTO BCP_DISTRICT (ID, NAME, ID_PROVINCE) VALUES (4,'IMAZA',1);
INSERT INTO BCP_DISTRICT (ID, NAME, ID_PROVINCE) VALUES (5,'LA PECA',1);
INSERT INTO BCP_DISTRICT (ID, NAME, ID_PROVINCE) VALUES (6,'CHISQUILLA',2);
INSERT INTO BCP_DISTRICT (ID, NAME, ID_PROVINCE) VALUES (7,'CHURUJA',2);
INSERT INTO BCP_DISTRICT (ID, NAME, ID_PROVINCE) VALUES (8,'COROSHA',2);
INSERT INTO BCP_DISTRICT (ID, NAME, ID_PROVINCE) VALUES (9,'CUISPES',2);
INSERT INTO BCP_DISTRICT (ID, NAME, ID_PROVINCE) VALUES (10,'FLORIDA',2);
INSERT INTO BCP_DISTRICT (ID, NAME, ID_PROVINCE) VALUES (11,'JAZAN',2);
INSERT INTO BCP_DISTRICT (ID, NAME, ID_PROVINCE) VALUES (12,'JUMBILLA',2);
INSERT INTO BCP_DISTRICT (ID, NAME, ID_PROVINCE) VALUES (13,'RECTA',2);
INSERT INTO BCP_DISTRICT (ID, NAME, ID_PROVINCE) VALUES (14,'SAN CARLOS',2);
INSERT INTO BCP_DISTRICT (ID, NAME, ID_PROVINCE) VALUES (15,'SHIPASBAMBA',2);
INSERT INTO BCP_DISTRICT (ID, NAME, ID_PROVINCE) VALUES (16,'VALERA',2);
INSERT INTO BCP_DISTRICT (ID, NAME, ID_PROVINCE) VALUES (17,'YAMBRASBAMBA',2);
INSERT INTO BCP_DISTRICT (ID, NAME, ID_PROVINCE) VALUES (18,'ASUNCION',3);
INSERT INTO BCP_DISTRICT (ID, NAME, ID_PROVINCE) VALUES (19,'BALSAS',3);
INSERT INTO BCP_DISTRICT (ID, NAME, ID_PROVINCE) VALUES (20,'CHACHAPOYAS',3);
INSERT INTO BCP_DISTRICT (ID, NAME, ID_PROVINCE) VALUES (21,'CHETO',3);
INSERT INTO BCP_DISTRICT (ID, NAME, ID_PROVINCE) VALUES (22,'CHILIQUIN',3);
INSERT INTO BCP_DISTRICT (ID, NAME, ID_PROVINCE) VALUES (23,'CHUQUIBAMBA',3);
INSERT INTO BCP_DISTRICT (ID, NAME, ID_PROVINCE) VALUES (24,'GRANADA',3);
INSERT INTO BCP_DISTRICT (ID, NAME, ID_PROVINCE) VALUES (25,'HUANCAS',3);
INSERT INTO BCP_DISTRICT (ID, NAME, ID_PROVINCE) VALUES (26,'LA JALCA',3);
INSERT INTO BCP_DISTRICT (ID, NAME, ID_PROVINCE) VALUES (27,'LEIMEBAMBA',3);
INSERT INTO BCP_DISTRICT (ID, NAME, ID_PROVINCE) VALUES (28,'LEVANTO',3);
INSERT INTO BCP_DISTRICT (ID, NAME, ID_PROVINCE) VALUES (29,'MAGDALENA',3);
INSERT INTO BCP_DISTRICT (ID, NAME, ID_PROVINCE) VALUES (30,'MARISCAL CASTILLA',3);
INSERT INTO BCP_DISTRICT (ID, NAME, ID_PROVINCE) VALUES (31,'MOLINOPAMPA',3);
INSERT INTO BCP_DISTRICT (ID, NAME, ID_PROVINCE) VALUES (32,'MONTEVIDEO',3);
INSERT INTO BCP_DISTRICT (ID, NAME, ID_PROVINCE) VALUES (33,'OLLEROS',3);
INSERT INTO BCP_DISTRICT (ID, NAME, ID_PROVINCE) VALUES (34,'QUINJALCA',3);
INSERT INTO BCP_DISTRICT (ID, NAME, ID_PROVINCE) VALUES (35,'SAN FRANCISCO DE DAG',3);
INSERT INTO BCP_DISTRICT (ID, NAME, ID_PROVINCE) VALUES (36,'SAN ISIDRO DE MAINO',3);
INSERT INTO BCP_DISTRICT (ID, NAME, ID_PROVINCE) VALUES (37,'SOLOCO',3);
INSERT INTO BCP_DISTRICT (ID, NAME, ID_PROVINCE) VALUES (38,'SONCHE',3);
INSERT INTO BCP_DISTRICT (ID, NAME, ID_PROVINCE) VALUES (39,'EL CENEPA',4);
INSERT INTO BCP_DISTRICT (ID, NAME, ID_PROVINCE) VALUES (40,'NIEVA',4);
INSERT INTO BCP_DISTRICT (ID, NAME, ID_PROVINCE) VALUES (41,'RIO SANTIAGO',4);
INSERT INTO BCP_DISTRICT (ID, NAME, ID_PROVINCE) VALUES (42,'CAMPORREDONDO',5);
INSERT INTO BCP_DISTRICT (ID, NAME, ID_PROVINCE) VALUES (43,'COCABAMBA',5);
INSERT INTO BCP_DISTRICT (ID, NAME, ID_PROVINCE) VALUES (44,'COLCAMAR',5);
INSERT INTO BCP_DISTRICT (ID, NAME, ID_PROVINCE) VALUES (45,'CONILA',5);
INSERT INTO BCP_DISTRICT (ID, NAME, ID_PROVINCE) VALUES (46,'INGUILPATA',5);
INSERT INTO BCP_DISTRICT (ID, NAME, ID_PROVINCE) VALUES (47,'LAMUD',5);
INSERT INTO BCP_DISTRICT (ID, NAME, ID_PROVINCE) VALUES (48,'LONGUITA',5);
INSERT INTO BCP_DISTRICT (ID, NAME, ID_PROVINCE) VALUES (49,'LONYA CHICO',5);
INSERT INTO BCP_DISTRICT (ID, NAME, ID_PROVINCE) VALUES (50,'LUYA',5);
INSERT INTO BCP_DISTRICT (ID, NAME, ID_PROVINCE) VALUES (51,'LUYA VIEJO',5);
INSERT INTO BCP_DISTRICT (ID, NAME, ID_PROVINCE) VALUES (52,'MARIA',5);
INSERT INTO BCP_DISTRICT (ID, NAME, ID_PROVINCE) VALUES (53,'OCALLI',5);
INSERT INTO BCP_DISTRICT (ID, NAME, ID_PROVINCE) VALUES (54,'OCUMAL',5);
INSERT INTO BCP_DISTRICT (ID, NAME, ID_PROVINCE) VALUES (55,'PISUQUIA',5);
INSERT INTO BCP_DISTRICT (ID, NAME, ID_PROVINCE) VALUES (56,'PROVIDENCIA',5);
INSERT INTO BCP_DISTRICT (ID, NAME, ID_PROVINCE) VALUES (57,'SAN CRISTOBAL',5);
INSERT INTO BCP_DISTRICT (ID, NAME, ID_PROVINCE) VALUES (58,'SAN FRANCISCO DEL YE',5);
INSERT INTO BCP_DISTRICT (ID, NAME, ID_PROVINCE) VALUES (59,'SAN JERONIMO',5);
INSERT INTO BCP_DISTRICT (ID, NAME, ID_PROVINCE) VALUES (60,'SAN JUAN DE LOPECANC',5);
INSERT INTO BCP_DISTRICT (ID, NAME, ID_PROVINCE) VALUES (61,'SANTA CATALINA',5);
INSERT INTO BCP_DISTRICT (ID, NAME, ID_PROVINCE) VALUES (62,'SANTO TOMAS',5);
INSERT INTO BCP_DISTRICT (ID, NAME, ID_PROVINCE) VALUES (63,'TINGO',5);
INSERT INTO BCP_DISTRICT (ID, NAME, ID_PROVINCE) VALUES (64,'TRITA',5);
INSERT INTO BCP_DISTRICT (ID, NAME, ID_PROVINCE) VALUES (65,'CHIRIMOTO',6);
INSERT INTO BCP_DISTRICT (ID, NAME, ID_PROVINCE) VALUES (66,'COCHAMAL',6);
INSERT INTO BCP_DISTRICT (ID, NAME, ID_PROVINCE) VALUES (67,'HUAMBO',6);
INSERT INTO BCP_DISTRICT (ID, NAME, ID_PROVINCE) VALUES (68,'LIMABAMBA',6);
INSERT INTO BCP_DISTRICT (ID, NAME, ID_PROVINCE) VALUES (69,'LONGAR',6);
INSERT INTO BCP_DISTRICT (ID, NAME, ID_PROVINCE) VALUES (70,'MARISCAL BENAVIDES',6);
INSERT INTO BCP_DISTRICT (ID, NAME, ID_PROVINCE) VALUES (71,'MILPUC',6);
INSERT INTO BCP_DISTRICT (ID, NAME, ID_PROVINCE) VALUES (72,'OMIA',6);
INSERT INTO BCP_DISTRICT (ID, NAME, ID_PROVINCE) VALUES (73,'SAN NICOLAS',6);
INSERT INTO BCP_DISTRICT (ID, NAME, ID_PROVINCE) VALUES (74,'SANTA ROSA',6);
INSERT INTO BCP_DISTRICT (ID, NAME, ID_PROVINCE) VALUES (75,'TOTORA',6);
INSERT INTO BCP_DISTRICT (ID, NAME, ID_PROVINCE) VALUES (76,'VISTA ALEGRE',6);
INSERT INTO BCP_DISTRICT (ID, NAME, ID_PROVINCE) VALUES (77,'BAGUA GRANDE',7);
INSERT INTO BCP_DISTRICT (ID, NAME, ID_PROVINCE) VALUES (78,'CAJARURO',7);
INSERT INTO BCP_DISTRICT (ID, NAME, ID_PROVINCE) VALUES (79,'CUMBA',7);
INSERT INTO BCP_DISTRICT (ID, NAME, ID_PROVINCE) VALUES (80,'EL MILAGRO',7);
INSERT INTO BCP_DISTRICT (ID, NAME, ID_PROVINCE) VALUES (81,'JAMALCA',7);
INSERT INTO BCP_DISTRICT (ID, NAME, ID_PROVINCE) VALUES (82,'LONYA GRANDE',7);
INSERT INTO BCP_DISTRICT (ID, NAME, ID_PROVINCE) VALUES (83,'YAMON',7);
INSERT INTO BCP_DISTRICT (ID, NAME, ID_PROVINCE) VALUES (84,'AIJA',8);
INSERT INTO BCP_DISTRICT (ID, NAME, ID_PROVINCE) VALUES (85,'CORIS',8);
INSERT INTO BCP_DISTRICT (ID, NAME, ID_PROVINCE) VALUES (86,'HUACLLAN',8);
INSERT INTO BCP_DISTRICT (ID, NAME, ID_PROVINCE) VALUES (87,'LA MERCED',8);
INSERT INTO BCP_DISTRICT (ID, NAME, ID_PROVINCE) VALUES (88,'SUCCHA',8);
INSERT INTO BCP_DISTRICT (ID, NAME, ID_PROVINCE) VALUES (89,'ACZO',9);
INSERT INTO BCP_DISTRICT (ID, NAME, ID_PROVINCE) VALUES (90,'CHACCHO',9);
INSERT INTO BCP_DISTRICT (ID, NAME, ID_PROVINCE) VALUES (91,'CHINGAS',9);
INSERT INTO BCP_DISTRICT (ID, NAME, ID_PROVINCE) VALUES (92,'LLAMELLIN',9);
INSERT INTO BCP_DISTRICT (ID, NAME, ID_PROVINCE) VALUES (93,'MIRGAS',9);
INSERT INTO BCP_DISTRICT (ID, NAME, ID_PROVINCE) VALUES (94,'SAN JUAN DE RONTOY',9);
INSERT INTO BCP_DISTRICT (ID, NAME, ID_PROVINCE) VALUES (95,'ACOCHACA',10);
INSERT INTO BCP_DISTRICT (ID, NAME, ID_PROVINCE) VALUES (96,'CHACAS',10);
INSERT INTO BCP_DISTRICT (ID, NAME, ID_PROVINCE) VALUES (97,'ABELARDO PARDO LEZAM',11);
INSERT INTO BCP_DISTRICT (ID, NAME, ID_PROVINCE) VALUES (98,'ANTONIO RAYMONDI',11);
INSERT INTO BCP_DISTRICT (ID, NAME, ID_PROVINCE) VALUES (99,'AQUIA',11);
INSERT INTO BCP_DISTRICT (ID, NAME, ID_PROVINCE) VALUES (100,'CAJACAY',11);
INSERT INTO BCP_DISTRICT (ID, NAME, ID_PROVINCE) VALUES (101,'CANIS',11);
INSERT INTO BCP_DISTRICT (ID, NAME, ID_PROVINCE) VALUES (102,'CHIQUIAN',11);
INSERT INTO BCP_DISTRICT (ID, NAME, ID_PROVINCE) VALUES (103,'COLQUIOC',11);
INSERT INTO BCP_DISTRICT (ID, NAME, ID_PROVINCE) VALUES (104,'HUALLANCA',11);
INSERT INTO BCP_DISTRICT (ID, NAME, ID_PROVINCE) VALUES (105,'HUASTA',11);
INSERT INTO BCP_DISTRICT (ID, NAME, ID_PROVINCE) VALUES (106,'HUAYLLACAYAN',11);
INSERT INTO BCP_DISTRICT (ID, NAME, ID_PROVINCE) VALUES (107,'LA PRIMAVERA',11);
INSERT INTO BCP_DISTRICT (ID, NAME, ID_PROVINCE) VALUES (108,'MANGAS',11);
INSERT INTO BCP_DISTRICT (ID, NAME, ID_PROVINCE) VALUES (109,'PACLLON',11);
INSERT INTO BCP_DISTRICT (ID, NAME, ID_PROVINCE) VALUES (110,'SAN MIGUEL DE CORPAN',11);
INSERT INTO BCP_DISTRICT (ID, NAME, ID_PROVINCE) VALUES (111,'TICLLOS',11);
INSERT INTO BCP_DISTRICT (ID, NAME, ID_PROVINCE) VALUES (112,'ACOPAMPA',12);
INSERT INTO BCP_DISTRICT (ID, NAME, ID_PROVINCE) VALUES (113,'AMASHCA',12);
INSERT INTO BCP_DISTRICT (ID, NAME, ID_PROVINCE) VALUES (114,'ANTA',12);
INSERT INTO BCP_DISTRICT (ID, NAME, ID_PROVINCE) VALUES (115,'ATAQUERO',12);
INSERT INTO BCP_DISTRICT (ID, NAME, ID_PROVINCE) VALUES (116,'CARHUAZ',12);
INSERT INTO BCP_DISTRICT (ID, NAME, ID_PROVINCE) VALUES (117,'MARCARA',12);
INSERT INTO BCP_DISTRICT (ID, NAME, ID_PROVINCE) VALUES (118,'PARIAHUANCA',12);
INSERT INTO BCP_DISTRICT (ID, NAME, ID_PROVINCE) VALUES (119,'SAN MIGUEL DE ACO',12);
INSERT INTO BCP_DISTRICT (ID, NAME, ID_PROVINCE) VALUES (120,'SHILLA',12);
INSERT INTO BCP_DISTRICT (ID, NAME, ID_PROVINCE) VALUES (121,'TINCO',12);
INSERT INTO BCP_DISTRICT (ID, NAME, ID_PROVINCE) VALUES (122,'YUNGAR',12);
INSERT INTO BCP_DISTRICT (ID, NAME, ID_PROVINCE) VALUES (123,'SAN LUIS',13);
INSERT INTO BCP_DISTRICT (ID, NAME, ID_PROVINCE) VALUES (124,'SAN NICOLAS',13);
INSERT INTO BCP_DISTRICT (ID, NAME, ID_PROVINCE) VALUES (125,'YAUYA',13);
INSERT INTO BCP_DISTRICT (ID, NAME, ID_PROVINCE) VALUES (126,'BUENA VISTA ALTA',14);
INSERT INTO BCP_DISTRICT (ID, NAME, ID_PROVINCE) VALUES (127,'CASMA',14);
INSERT INTO BCP_DISTRICT (ID, NAME, ID_PROVINCE) VALUES (128,'COMANDANTE NOEL',14);
INSERT INTO BCP_DISTRICT (ID, NAME, ID_PROVINCE) VALUES (129,'YAUTAN',14);
INSERT INTO BCP_DISTRICT (ID, NAME, ID_PROVINCE) VALUES (130,'ACO',15);
INSERT INTO BCP_DISTRICT (ID, NAME, ID_PROVINCE) VALUES (131,'BAMBAS',15);
INSERT INTO BCP_DISTRICT (ID, NAME, ID_PROVINCE) VALUES (132,'CORONGO',15);
INSERT INTO BCP_DISTRICT (ID, NAME, ID_PROVINCE) VALUES (133,'CUSCA',15);
INSERT INTO BCP_DISTRICT (ID, NAME, ID_PROVINCE) VALUES (134,'LA PAMPA',15);
INSERT INTO BCP_DISTRICT (ID, NAME, ID_PROVINCE) VALUES (135,'YANAC',15);
INSERT INTO BCP_DISTRICT (ID, NAME, ID_PROVINCE) VALUES (136,'YUPAN',15);
INSERT INTO BCP_DISTRICT (ID, NAME, ID_PROVINCE) VALUES (137,'COCHABAMBA',16);
INSERT INTO BCP_DISTRICT (ID, NAME, ID_PROVINCE) VALUES (138,'COLCABAMBA',16);
INSERT INTO BCP_DISTRICT (ID, NAME, ID_PROVINCE) VALUES (139,'HUANCHAY',16);
INSERT INTO BCP_DISTRICT (ID, NAME, ID_PROVINCE) VALUES (140,'HUARAZ',16);
INSERT INTO BCP_DISTRICT (ID, NAME, ID_PROVINCE) VALUES (141,'INDEPENDENCIA',16);
INSERT INTO BCP_DISTRICT (ID, NAME, ID_PROVINCE) VALUES (142,'JANGAS',16);
INSERT INTO BCP_DISTRICT (ID, NAME, ID_PROVINCE) VALUES (143,'LA LIBERTAD',16);
INSERT INTO BCP_DISTRICT (ID, NAME, ID_PROVINCE) VALUES (144,'OLLEROS',16);
INSERT INTO BCP_DISTRICT (ID, NAME, ID_PROVINCE) VALUES (145,'PAMPAS',16);
INSERT INTO BCP_DISTRICT (ID, NAME, ID_PROVINCE) VALUES (146,'PARIACOTO',16);
INSERT INTO BCP_DISTRICT (ID, NAME, ID_PROVINCE) VALUES (147,'PIRA',16);
INSERT INTO BCP_DISTRICT (ID, NAME, ID_PROVINCE) VALUES (148,'TARICA',16);
INSERT INTO BCP_DISTRICT (ID, NAME, ID_PROVINCE) VALUES (149,'ANRA',17);
INSERT INTO BCP_DISTRICT (ID, NAME, ID_PROVINCE) VALUES (150,'CAJAY',17);
INSERT INTO BCP_DISTRICT (ID, NAME, ID_PROVINCE) VALUES (151,'CHAVIN DE HUANTAR',17);
INSERT INTO BCP_DISTRICT (ID, NAME, ID_PROVINCE) VALUES (152,'HUACACHI',17);
INSERT INTO BCP_DISTRICT (ID, NAME, ID_PROVINCE) VALUES (153,'HUACCHIS',17);
INSERT INTO BCP_DISTRICT (ID, NAME, ID_PROVINCE) VALUES (154,'HUACHIS',17);
INSERT INTO BCP_DISTRICT (ID, NAME, ID_PROVINCE) VALUES (155,'HUANTAR',17);
INSERT INTO BCP_DISTRICT (ID, NAME, ID_PROVINCE) VALUES (156,'HUARI',17);
INSERT INTO BCP_DISTRICT (ID, NAME, ID_PROVINCE) VALUES (157,'MASIN',17);
INSERT INTO BCP_DISTRICT (ID, NAME, ID_PROVINCE) VALUES (158,'PAUCAS',17);
INSERT INTO BCP_DISTRICT (ID, NAME, ID_PROVINCE) VALUES (159,'PONTO',17);
INSERT INTO BCP_DISTRICT (ID, NAME, ID_PROVINCE) VALUES (160,'RAHUAPAMPA',17);
INSERT INTO BCP_DISTRICT (ID, NAME, ID_PROVINCE) VALUES (161,'RAPAYAN',17);
INSERT INTO BCP_DISTRICT (ID, NAME, ID_PROVINCE) VALUES (162,'SAN MARCOS',17);
INSERT INTO BCP_DISTRICT (ID, NAME, ID_PROVINCE) VALUES (163,'SAN PEDRO DE CHANA',17);
INSERT INTO BCP_DISTRICT (ID, NAME, ID_PROVINCE) VALUES (164,'UCO',17);
INSERT INTO BCP_DISTRICT (ID, NAME, ID_PROVINCE) VALUES (165,'COCHAPETI',18);
INSERT INTO BCP_DISTRICT (ID, NAME, ID_PROVINCE) VALUES (166,'CULEBRAS',18);
INSERT INTO BCP_DISTRICT (ID, NAME, ID_PROVINCE) VALUES (167,'HUARMEY',18);
INSERT INTO BCP_DISTRICT (ID, NAME, ID_PROVINCE) VALUES (168,'HUAYAN',18);
INSERT INTO BCP_DISTRICT (ID, NAME, ID_PROVINCE) VALUES (169,'MALVAS',18);
INSERT INTO BCP_DISTRICT (ID, NAME, ID_PROVINCE) VALUES (170,'CARAZ',19);
INSERT INTO BCP_DISTRICT (ID, NAME, ID_PROVINCE) VALUES (171,'HUALLANCA',19);
INSERT INTO BCP_DISTRICT (ID, NAME, ID_PROVINCE) VALUES (172,'HUATA',19);
INSERT INTO BCP_DISTRICT (ID, NAME, ID_PROVINCE) VALUES (173,'HUAYLAS',19);
INSERT INTO BCP_DISTRICT (ID, NAME, ID_PROVINCE) VALUES (174,'MATO',19);
INSERT INTO BCP_DISTRICT (ID, NAME, ID_PROVINCE) VALUES (175,'PAMPAROMAS',19);
INSERT INTO BCP_DISTRICT (ID, NAME, ID_PROVINCE) VALUES (176,'PUEBLO LIBRE',19);
INSERT INTO BCP_DISTRICT (ID, NAME, ID_PROVINCE) VALUES (177,'SANTA CRUZ',19);
INSERT INTO BCP_DISTRICT (ID, NAME, ID_PROVINCE) VALUES (178,'SANTO TORIBIO',19);
INSERT INTO BCP_DISTRICT (ID, NAME, ID_PROVINCE) VALUES (179,'YURACMARCA',19);
INSERT INTO BCP_DISTRICT (ID, NAME, ID_PROVINCE) VALUES (180,'CASCA',20);
INSERT INTO BCP_DISTRICT (ID, NAME, ID_PROVINCE) VALUES (181,'ELEAZAR GUZMAN BARRO',20);
INSERT INTO BCP_DISTRICT (ID, NAME, ID_PROVINCE) VALUES (182,'FIDEL OLIVAS ESCUDER',20);
INSERT INTO BCP_DISTRICT (ID, NAME, ID_PROVINCE) VALUES (183,'LLAMA',20);
INSERT INTO BCP_DISTRICT (ID, NAME, ID_PROVINCE) VALUES (184,'LLUMPA',20);
INSERT INTO BCP_DISTRICT (ID, NAME, ID_PROVINCE) VALUES (185,'LUCMA',20);
INSERT INTO BCP_DISTRICT (ID, NAME, ID_PROVINCE) VALUES (186,'MUSGA',20);
INSERT INTO BCP_DISTRICT (ID, NAME, ID_PROVINCE) VALUES (187,'PISCOBAMBA',20);
INSERT INTO BCP_DISTRICT (ID, NAME, ID_PROVINCE) VALUES (188,'ACAS',21);
INSERT INTO BCP_DISTRICT (ID, NAME, ID_PROVINCE) VALUES (189,'CAJAMARQUILLA',21);
INSERT INTO BCP_DISTRICT (ID, NAME, ID_PROVINCE) VALUES (190,'CARHUAPAMPA',21);
INSERT INTO BCP_DISTRICT (ID, NAME, ID_PROVINCE) VALUES (191,'COCHAS',21);
INSERT INTO BCP_DISTRICT (ID, NAME, ID_PROVINCE) VALUES (192,'CONGAS',21);
INSERT INTO BCP_DISTRICT (ID, NAME, ID_PROVINCE) VALUES (193,'LLIPA',21);
INSERT INTO BCP_DISTRICT (ID, NAME, ID_PROVINCE) VALUES (194,'OCROS',21);
INSERT INTO BCP_DISTRICT (ID, NAME, ID_PROVINCE) VALUES (195,'SAN CRISTOBAL DE RAJ',21);
INSERT INTO BCP_DISTRICT (ID, NAME, ID_PROVINCE) VALUES (196,'SAN PEDRO',21);
INSERT INTO BCP_DISTRICT (ID, NAME, ID_PROVINCE) VALUES (197,'SANTIAGO DE CHILCAS',21);
INSERT INTO BCP_DISTRICT (ID, NAME, ID_PROVINCE) VALUES (198,'BOLOGNESI',22);
INSERT INTO BCP_DISTRICT (ID, NAME, ID_PROVINCE) VALUES (199,'CABANA',22);
INSERT INTO BCP_DISTRICT (ID, NAME, ID_PROVINCE) VALUES (200,'CONCHUCOS',22);
INSERT INTO BCP_DISTRICT (ID, NAME, ID_PROVINCE) VALUES (201,'HUACASCHUQUE',22);
INSERT INTO BCP_DISTRICT (ID, NAME, ID_PROVINCE) VALUES (202,'HUANDOVAL',22);
INSERT INTO BCP_DISTRICT (ID, NAME, ID_PROVINCE) VALUES (203,'LACABAMBA',22);
INSERT INTO BCP_DISTRICT (ID, NAME, ID_PROVINCE) VALUES (204,'LLAPO',22);
INSERT INTO BCP_DISTRICT (ID, NAME, ID_PROVINCE) VALUES (205,'PALLASCA',22);
INSERT INTO BCP_DISTRICT (ID, NAME, ID_PROVINCE) VALUES (206,'PAMPAS',22);
INSERT INTO BCP_DISTRICT (ID, NAME, ID_PROVINCE) VALUES (207,'SANTA ROSA',22);
INSERT INTO BCP_DISTRICT (ID, NAME, ID_PROVINCE) VALUES (208,'TAUCA',22);
INSERT INTO BCP_DISTRICT (ID, NAME, ID_PROVINCE) VALUES (209,'HUAYLLAN',23);
INSERT INTO BCP_DISTRICT (ID, NAME, ID_PROVINCE) VALUES (210,'PAROBAMBA',23);
INSERT INTO BCP_DISTRICT (ID, NAME, ID_PROVINCE) VALUES (211,'POMABAMBA',23);
INSERT INTO BCP_DISTRICT (ID, NAME, ID_PROVINCE) VALUES (212,'QUINUABAMBA',23);
INSERT INTO BCP_DISTRICT (ID, NAME, ID_PROVINCE) VALUES (213,'CATAC',24);
INSERT INTO BCP_DISTRICT (ID, NAME, ID_PROVINCE) VALUES (214,'COTAPARACO',24);
INSERT INTO BCP_DISTRICT (ID, NAME, ID_PROVINCE) VALUES (215,'HUAYLLAPAMPA',24);
INSERT INTO BCP_DISTRICT (ID, NAME, ID_PROVINCE) VALUES (216,'LLACLLIN',24);
INSERT INTO BCP_DISTRICT (ID, NAME, ID_PROVINCE) VALUES (217,'MARCA',24);
INSERT INTO BCP_DISTRICT (ID, NAME, ID_PROVINCE) VALUES (218,'PAMPAS CHICO',24);
INSERT INTO BCP_DISTRICT (ID, NAME, ID_PROVINCE) VALUES (219,'PARARIN',24);
INSERT INTO BCP_DISTRICT (ID, NAME, ID_PROVINCE) VALUES (220,'RECUAY',24);
INSERT INTO BCP_DISTRICT (ID, NAME, ID_PROVINCE) VALUES (221,'TAPACOCHA',24);
INSERT INTO BCP_DISTRICT (ID, NAME, ID_PROVINCE) VALUES (222,'TICAPAMPA',24);
INSERT INTO BCP_DISTRICT (ID, NAME, ID_PROVINCE) VALUES (223,'CACERES DEL PERU',25);
INSERT INTO BCP_DISTRICT (ID, NAME, ID_PROVINCE) VALUES (224,'CHIMBOTE',25);
INSERT INTO BCP_DISTRICT (ID, NAME, ID_PROVINCE) VALUES (225,'COISHCO',25);
INSERT INTO BCP_DISTRICT (ID, NAME, ID_PROVINCE) VALUES (226,'MACATE',25);
INSERT INTO BCP_DISTRICT (ID, NAME, ID_PROVINCE) VALUES (227,'MORO',25);
INSERT INTO BCP_DISTRICT (ID, NAME, ID_PROVINCE) VALUES (228,'NEPE-A',25);
INSERT INTO BCP_DISTRICT (ID, NAME, ID_PROVINCE) VALUES (229,'NUEVO CHIMBOTE',25);
INSERT INTO BCP_DISTRICT (ID, NAME, ID_PROVINCE) VALUES (230,'SAMANCO',25);
INSERT INTO BCP_DISTRICT (ID, NAME, ID_PROVINCE) VALUES (231,'SANTA',25);
INSERT INTO BCP_DISTRICT (ID, NAME, ID_PROVINCE) VALUES (232,'ACOBAMBA',26);
INSERT INTO BCP_DISTRICT (ID, NAME, ID_PROVINCE) VALUES (233,'ALFONSO UGARTE',26);
INSERT INTO BCP_DISTRICT (ID, NAME, ID_PROVINCE) VALUES (234,'CASHAPAMPA',26);
INSERT INTO BCP_DISTRICT (ID, NAME, ID_PROVINCE) VALUES (235,'CHINGALPO',26);
INSERT INTO BCP_DISTRICT (ID, NAME, ID_PROVINCE) VALUES (236,'HUAYLLABAMBA',26);
INSERT INTO BCP_DISTRICT (ID, NAME, ID_PROVINCE) VALUES (237,'QUICHES',26);
INSERT INTO BCP_DISTRICT (ID, NAME, ID_PROVINCE) VALUES (238,'RAGASH',26);
INSERT INTO BCP_DISTRICT (ID, NAME, ID_PROVINCE) VALUES (239,'SAN JUAN',26);
INSERT INTO BCP_DISTRICT (ID, NAME, ID_PROVINCE) VALUES (240,'SICSIBAMBA',26);
INSERT INTO BCP_DISTRICT (ID, NAME, ID_PROVINCE) VALUES (241,'SIHUAS',26);
INSERT INTO BCP_DISTRICT (ID, NAME, ID_PROVINCE) VALUES (242,'CASCAPARA',27);
INSERT INTO BCP_DISTRICT (ID, NAME, ID_PROVINCE) VALUES (243,'MANCOS',27);
INSERT INTO BCP_DISTRICT (ID, NAME, ID_PROVINCE) VALUES (244,'MATACOTO',27);
INSERT INTO BCP_DISTRICT (ID, NAME, ID_PROVINCE) VALUES (245,'QUILLO',27);
INSERT INTO BCP_DISTRICT (ID, NAME, ID_PROVINCE) VALUES (246,'RANRAHIRCA',27);
INSERT INTO BCP_DISTRICT (ID, NAME, ID_PROVINCE) VALUES (247,'SHUPLUY',27);
INSERT INTO BCP_DISTRICT (ID, NAME, ID_PROVINCE) VALUES (248,'YANAMA',27);
INSERT INTO BCP_DISTRICT (ID, NAME, ID_PROVINCE) VALUES (249,'YUNGAY',27);
INSERT INTO BCP_DISTRICT (ID, NAME, ID_PROVINCE) VALUES (250,'ABANCAY',28);
INSERT INTO BCP_DISTRICT (ID, NAME, ID_PROVINCE) VALUES (251,'CHACOCHE',28);
INSERT INTO BCP_DISTRICT (ID, NAME, ID_PROVINCE) VALUES (252,'CIRCA',28);
INSERT INTO BCP_DISTRICT (ID, NAME, ID_PROVINCE) VALUES (253,'CURAHUASI',28);
INSERT INTO BCP_DISTRICT (ID, NAME, ID_PROVINCE) VALUES (254,'HUANIPACA',28);
INSERT INTO BCP_DISTRICT (ID, NAME, ID_PROVINCE) VALUES (255,'LAMBRAMA',28);
INSERT INTO BCP_DISTRICT (ID, NAME, ID_PROVINCE) VALUES (256,'PICHIRHUA',28);
INSERT INTO BCP_DISTRICT (ID, NAME, ID_PROVINCE) VALUES (257,'SAN PEDRO DE CACHORA',28);
INSERT INTO BCP_DISTRICT (ID, NAME, ID_PROVINCE) VALUES (258,'TAMBURCO',28);
INSERT INTO BCP_DISTRICT (ID, NAME, ID_PROVINCE) VALUES (259,'ANDAHUAYLAS',29);
INSERT INTO BCP_DISTRICT (ID, NAME, ID_PROVINCE) VALUES (260,'ANDARAPA',29);
INSERT INTO BCP_DISTRICT (ID, NAME, ID_PROVINCE) VALUES (261,'CHIARA',29);
INSERT INTO BCP_DISTRICT (ID, NAME, ID_PROVINCE) VALUES (262,'HUANCARAMA',29);
INSERT INTO BCP_DISTRICT (ID, NAME, ID_PROVINCE) VALUES (263,'HUANCARAY',29);
INSERT INTO BCP_DISTRICT (ID, NAME, ID_PROVINCE) VALUES (264,'HUAYANA',29);
INSERT INTO BCP_DISTRICT (ID, NAME, ID_PROVINCE) VALUES (265,'KAQUIABAMBA',29);
INSERT INTO BCP_DISTRICT (ID, NAME, ID_PROVINCE) VALUES (266,'KISHUARA',29);
INSERT INTO BCP_DISTRICT (ID, NAME, ID_PROVINCE) VALUES (267,'PACOBAMBA',29);
INSERT INTO BCP_DISTRICT (ID, NAME, ID_PROVINCE) VALUES (268,'PACUCHA',29);
INSERT INTO BCP_DISTRICT (ID, NAME, ID_PROVINCE) VALUES (269,'PAMPACHIRI',29);
INSERT INTO BCP_DISTRICT (ID, NAME, ID_PROVINCE) VALUES (270,'POMACOCHA',29);
INSERT INTO BCP_DISTRICT (ID, NAME, ID_PROVINCE) VALUES (271,'SAN ANTONIO DE CACHI',29);
INSERT INTO BCP_DISTRICT (ID, NAME, ID_PROVINCE) VALUES (272,'SAN JERONIMO',29);
INSERT INTO BCP_DISTRICT (ID, NAME, ID_PROVINCE) VALUES (273,'SAN MIGUEL DE CHACCR',29);
INSERT INTO BCP_DISTRICT (ID, NAME, ID_PROVINCE) VALUES (274,'SANTA MARIA DE CHICM',29);
INSERT INTO BCP_DISTRICT (ID, NAME, ID_PROVINCE) VALUES (275,'TALAVERA',29);
INSERT INTO BCP_DISTRICT (ID, NAME, ID_PROVINCE) VALUES (276,'TUMAY HUARACA',29);
INSERT INTO BCP_DISTRICT (ID, NAME, ID_PROVINCE) VALUES (277,'TURPO',29);
INSERT INTO BCP_DISTRICT (ID, NAME, ID_PROVINCE) VALUES (278,'ANTABAMBA',30);
INSERT INTO BCP_DISTRICT (ID, NAME, ID_PROVINCE) VALUES (279,'EL ORO',30);
INSERT INTO BCP_DISTRICT (ID, NAME, ID_PROVINCE) VALUES (280,'HUAQUIRCA',30);
INSERT INTO BCP_DISTRICT (ID, NAME, ID_PROVINCE) VALUES (281,'JUAN ESPINOZA MEDRAN',30);
INSERT INTO BCP_DISTRICT (ID, NAME, ID_PROVINCE) VALUES (282,'OROPESA',30);
INSERT INTO BCP_DISTRICT (ID, NAME, ID_PROVINCE) VALUES (283,'PACHACONAS',30);
INSERT INTO BCP_DISTRICT (ID, NAME, ID_PROVINCE) VALUES (284,'SABAINO',30);
INSERT INTO BCP_DISTRICT (ID, NAME, ID_PROVINCE) VALUES (285,'CAPAYA',31);
INSERT INTO BCP_DISTRICT (ID, NAME, ID_PROVINCE) VALUES (286,'CARAYBAMBA',31);
INSERT INTO BCP_DISTRICT (ID, NAME, ID_PROVINCE) VALUES (287,'CHALHUANCA',31);
INSERT INTO BCP_DISTRICT (ID, NAME, ID_PROVINCE) VALUES (288,'CHAPIMARCA',31);
INSERT INTO BCP_DISTRICT (ID, NAME, ID_PROVINCE) VALUES (289,'COLCABAMBA',31);
INSERT INTO BCP_DISTRICT (ID, NAME, ID_PROVINCE) VALUES (290,'COTARUSE',31);
INSERT INTO BCP_DISTRICT (ID, NAME, ID_PROVINCE) VALUES (291,'HUAYLLO',31);
INSERT INTO BCP_DISTRICT (ID, NAME, ID_PROVINCE) VALUES (292,'JUSTO APU SAHUARAURA',31);
INSERT INTO BCP_DISTRICT (ID, NAME, ID_PROVINCE) VALUES (293,'LUCRE',31);
INSERT INTO BCP_DISTRICT (ID, NAME, ID_PROVINCE) VALUES (294,'POCOHUANCA',31);
INSERT INTO BCP_DISTRICT (ID, NAME, ID_PROVINCE) VALUES (295,'SA-AYCA',31);
INSERT INTO BCP_DISTRICT (ID, NAME, ID_PROVINCE) VALUES (296,'SAN JUAN DE CHAC-A',31);
INSERT INTO BCP_DISTRICT (ID, NAME, ID_PROVINCE) VALUES (297,'SORAYA',31);
INSERT INTO BCP_DISTRICT (ID, NAME, ID_PROVINCE) VALUES (298,'TAPAIRIHUA',31);
INSERT INTO BCP_DISTRICT (ID, NAME, ID_PROVINCE) VALUES (299,'TINTAY',31);
INSERT INTO BCP_DISTRICT (ID, NAME, ID_PROVINCE) VALUES (300,'TORAYA',31);
INSERT INTO BCP_DISTRICT (ID, NAME, ID_PROVINCE) VALUES (301,'YANACA',31);
INSERT INTO BCP_DISTRICT (ID, NAME, ID_PROVINCE) VALUES (302,'ANCO-HUALLO',32);
INSERT INTO BCP_DISTRICT (ID, NAME, ID_PROVINCE) VALUES (303,'CHINCHEROS',32);
INSERT INTO BCP_DISTRICT (ID, NAME, ID_PROVINCE) VALUES (304,'COCHARCAS',32);
INSERT INTO BCP_DISTRICT (ID, NAME, ID_PROVINCE) VALUES (305,'HUACCANA',32);
INSERT INTO BCP_DISTRICT (ID, NAME, ID_PROVINCE) VALUES (306,'OCOBAMBA',32);
INSERT INTO BCP_DISTRICT (ID, NAME, ID_PROVINCE) VALUES (307,'ONGOY',32);
INSERT INTO BCP_DISTRICT (ID, NAME, ID_PROVINCE) VALUES (308,'RANRACANCHA',32);
INSERT INTO BCP_DISTRICT (ID, NAME, ID_PROVINCE) VALUES (309,'URANMARCA',32);
INSERT INTO BCP_DISTRICT (ID, NAME, ID_PROVINCE) VALUES (310,'CHALLHUAHUACHO',33);
INSERT INTO BCP_DISTRICT (ID, NAME, ID_PROVINCE) VALUES (311,'COTABAMBAS',33);
INSERT INTO BCP_DISTRICT (ID, NAME, ID_PROVINCE) VALUES (312,'COYLLURQUI',33);
INSERT INTO BCP_DISTRICT (ID, NAME, ID_PROVINCE) VALUES (313,'HAQUIRA',33);
INSERT INTO BCP_DISTRICT (ID, NAME, ID_PROVINCE) VALUES (314,'MARA',33);
INSERT INTO BCP_DISTRICT (ID, NAME, ID_PROVINCE) VALUES (315,'TAMBOBAMBA',33);
INSERT INTO BCP_DISTRICT (ID, NAME, ID_PROVINCE) VALUES (316,'CHUQUIBAMBILLA',34);
INSERT INTO BCP_DISTRICT (ID, NAME, ID_PROVINCE) VALUES (317,'CURASCO',34);
INSERT INTO BCP_DISTRICT (ID, NAME, ID_PROVINCE) VALUES (318,'CURPAHUASI',34);
INSERT INTO BCP_DISTRICT (ID, NAME, ID_PROVINCE) VALUES (319,'GAMARRA',34);
INSERT INTO BCP_DISTRICT (ID, NAME, ID_PROVINCE) VALUES (320,'HUAYLLATI',34);
INSERT INTO BCP_DISTRICT (ID, NAME, ID_PROVINCE) VALUES (321,'MAMARA',34);
INSERT INTO BCP_DISTRICT (ID, NAME, ID_PROVINCE) VALUES (322,'MICAELA BASTIDAS',34);
INSERT INTO BCP_DISTRICT (ID, NAME, ID_PROVINCE) VALUES (323,'PATAYPAMPA',34);
INSERT INTO BCP_DISTRICT (ID, NAME, ID_PROVINCE) VALUES (324,'PROGRESO',34);
INSERT INTO BCP_DISTRICT (ID, NAME, ID_PROVINCE) VALUES (325,'SAN ANTONIO',34);
INSERT INTO BCP_DISTRICT (ID, NAME, ID_PROVINCE) VALUES (326,'SANTA ROSA',34);
INSERT INTO BCP_DISTRICT (ID, NAME, ID_PROVINCE) VALUES (327,'TURPAY',34);
INSERT INTO BCP_DISTRICT (ID, NAME, ID_PROVINCE) VALUES (328,'VILCABAMBA',34);
INSERT INTO BCP_DISTRICT (ID, NAME, ID_PROVINCE) VALUES (329,'VIRUNDO',34);
INSERT INTO BCP_DISTRICT (ID, NAME, ID_PROVINCE) VALUES (330,'ALTO SELVA ALEGRE',35);
INSERT INTO BCP_DISTRICT (ID, NAME, ID_PROVINCE) VALUES (331,'AREQUIPA',35);
INSERT INTO BCP_DISTRICT (ID, NAME, ID_PROVINCE) VALUES (332,'CAYMA',35);
INSERT INTO BCP_DISTRICT (ID, NAME, ID_PROVINCE) VALUES (333,'CERRO COLORADO',35);
INSERT INTO BCP_DISTRICT (ID, NAME, ID_PROVINCE) VALUES (334,'CHARACATO',35);
INSERT INTO BCP_DISTRICT (ID, NAME, ID_PROVINCE) VALUES (335,'CHIGUATA',35);
INSERT INTO BCP_DISTRICT (ID, NAME, ID_PROVINCE) VALUES (336,'JACOBO HUNTER',35);
INSERT INTO BCP_DISTRICT (ID, NAME, ID_PROVINCE) VALUES (337,'JOSE LUIS BUSTAMANTE',35);
INSERT INTO BCP_DISTRICT (ID, NAME, ID_PROVINCE) VALUES (338,'LA JOYA',35);
INSERT INTO BCP_DISTRICT (ID, NAME, ID_PROVINCE) VALUES (339,'MARIANO MELGAR',35);
INSERT INTO BCP_DISTRICT (ID, NAME, ID_PROVINCE) VALUES (340,'MIRAFLORES',35);
INSERT INTO BCP_DISTRICT (ID, NAME, ID_PROVINCE) VALUES (341,'MOLLEBAYA',35);
INSERT INTO BCP_DISTRICT (ID, NAME, ID_PROVINCE) VALUES (342,'PAUCARPATA',35);
INSERT INTO BCP_DISTRICT (ID, NAME, ID_PROVINCE) VALUES (343,'POCSI',35);
INSERT INTO BCP_DISTRICT (ID, NAME, ID_PROVINCE) VALUES (344,'POLOBAYA',35);
INSERT INTO BCP_DISTRICT (ID, NAME, ID_PROVINCE) VALUES (345,'QUEQUE-A',35);
INSERT INTO BCP_DISTRICT (ID, NAME, ID_PROVINCE) VALUES (346,'SABANDIA',35);
INSERT INTO BCP_DISTRICT (ID, NAME, ID_PROVINCE) VALUES (347,'SACHACA',35);
INSERT INTO BCP_DISTRICT (ID, NAME, ID_PROVINCE) VALUES (348,'SAN JUAN DE SIGUAS',35);
INSERT INTO BCP_DISTRICT (ID, NAME, ID_PROVINCE) VALUES (349,'SAN JUAN DE TARUCANI',35);
INSERT INTO BCP_DISTRICT (ID, NAME, ID_PROVINCE) VALUES (350,'SANTA ISABEL DE SIGU',35);
INSERT INTO BCP_DISTRICT (ID, NAME, ID_PROVINCE) VALUES (351,'SANTA RITA DE SIGUAS',35);
INSERT INTO BCP_DISTRICT (ID, NAME, ID_PROVINCE) VALUES (352,'SOCABAYA',35);
INSERT INTO BCP_DISTRICT (ID, NAME, ID_PROVINCE) VALUES (353,'TIABAYA',35);
INSERT INTO BCP_DISTRICT (ID, NAME, ID_PROVINCE) VALUES (354,'UCHUMAYO',35);
INSERT INTO BCP_DISTRICT (ID, NAME, ID_PROVINCE) VALUES (355,'VITOR',35);
INSERT INTO BCP_DISTRICT (ID, NAME, ID_PROVINCE) VALUES (356,'YANAHUARA',35);
INSERT INTO BCP_DISTRICT (ID, NAME, ID_PROVINCE) VALUES (357,'YARABAMBA',35);
INSERT INTO BCP_DISTRICT (ID, NAME, ID_PROVINCE) VALUES (358,'YURA',35);
INSERT INTO BCP_DISTRICT (ID, NAME, ID_PROVINCE) VALUES (359,'CAMANA',36);
INSERT INTO BCP_DISTRICT (ID, NAME, ID_PROVINCE) VALUES (360,'JOSE MARIA QUIMPER',36);
INSERT INTO BCP_DISTRICT (ID, NAME, ID_PROVINCE) VALUES (361,'MARIANO NICOLAS VALC',36);
INSERT INTO BCP_DISTRICT (ID, NAME, ID_PROVINCE) VALUES (362,'MARISCAL CACERES',36);
INSERT INTO BCP_DISTRICT (ID, NAME, ID_PROVINCE) VALUES (363,'NICOLAS DE PIEROLA',36);
INSERT INTO BCP_DISTRICT (ID, NAME, ID_PROVINCE) VALUES (364,'OCO-A',36);
INSERT INTO BCP_DISTRICT (ID, NAME, ID_PROVINCE) VALUES (365,'QUILCA',36);
INSERT INTO BCP_DISTRICT (ID, NAME, ID_PROVINCE) VALUES (366,'SAMUEL PASTOR',36);
INSERT INTO BCP_DISTRICT (ID, NAME, ID_PROVINCE) VALUES (367,'ACARI',37);
INSERT INTO BCP_DISTRICT (ID, NAME, ID_PROVINCE) VALUES (368,'ATICO',37);
INSERT INTO BCP_DISTRICT (ID, NAME, ID_PROVINCE) VALUES (369,'ATIQUIPA',37);
INSERT INTO BCP_DISTRICT (ID, NAME, ID_PROVINCE) VALUES (370,'BELLA UNION',37);
INSERT INTO BCP_DISTRICT (ID, NAME, ID_PROVINCE) VALUES (371,'CAHUACHO',37);
INSERT INTO BCP_DISTRICT (ID, NAME, ID_PROVINCE) VALUES (372,'CARAVELI',37);
INSERT INTO BCP_DISTRICT (ID, NAME, ID_PROVINCE) VALUES (373,'CHALA',37);
INSERT INTO BCP_DISTRICT (ID, NAME, ID_PROVINCE) VALUES (374,'CHAPARRA',37);
INSERT INTO BCP_DISTRICT (ID, NAME, ID_PROVINCE) VALUES (375,'HUANUHUANU',37);
INSERT INTO BCP_DISTRICT (ID, NAME, ID_PROVINCE) VALUES (376,'JAQUI',37);
INSERT INTO BCP_DISTRICT (ID, NAME, ID_PROVINCE) VALUES (377,'LOMAS',37);
INSERT INTO BCP_DISTRICT (ID, NAME, ID_PROVINCE) VALUES (378,'QUICACHA',37);
INSERT INTO BCP_DISTRICT (ID, NAME, ID_PROVINCE) VALUES (379,'YAUCA',37);
INSERT INTO BCP_DISTRICT (ID, NAME, ID_PROVINCE) VALUES (380,'ANDAGUA',38);
INSERT INTO BCP_DISTRICT (ID, NAME, ID_PROVINCE) VALUES (381,'APLAO',38);
INSERT INTO BCP_DISTRICT (ID, NAME, ID_PROVINCE) VALUES (382,'AYO',38);
INSERT INTO BCP_DISTRICT (ID, NAME, ID_PROVINCE) VALUES (383,'CHACHAS',38);
INSERT INTO BCP_DISTRICT (ID, NAME, ID_PROVINCE) VALUES (384,'CHILCAYMARCA',38);
INSERT INTO BCP_DISTRICT (ID, NAME, ID_PROVINCE) VALUES (385,'CHOCO',38);
INSERT INTO BCP_DISTRICT (ID, NAME, ID_PROVINCE) VALUES (386,'HUANCARQUI',38);
INSERT INTO BCP_DISTRICT (ID, NAME, ID_PROVINCE) VALUES (387,'MACHAGUAY',38);
INSERT INTO BCP_DISTRICT (ID, NAME, ID_PROVINCE) VALUES (388,'ORCOPAMPA',38);
INSERT INTO BCP_DISTRICT (ID, NAME, ID_PROVINCE) VALUES (389,'PAMPACOLCA',38);
INSERT INTO BCP_DISTRICT (ID, NAME, ID_PROVINCE) VALUES (390,'TIPAN',38);
INSERT INTO BCP_DISTRICT (ID, NAME, ID_PROVINCE) VALUES (391,'U-ON',38);
INSERT INTO BCP_DISTRICT (ID, NAME, ID_PROVINCE) VALUES (392,'URACA',38);
INSERT INTO BCP_DISTRICT (ID, NAME, ID_PROVINCE) VALUES (393,'VIRACO',38);
INSERT INTO BCP_DISTRICT (ID, NAME, ID_PROVINCE) VALUES (394,'ACHOMA',39);
INSERT INTO BCP_DISTRICT (ID, NAME, ID_PROVINCE) VALUES (395,'CABANACONDE',39);
INSERT INTO BCP_DISTRICT (ID, NAME, ID_PROVINCE) VALUES (396,'CALLALLI',39);
INSERT INTO BCP_DISTRICT (ID, NAME, ID_PROVINCE) VALUES (397,'CAYLLOMA',39);
INSERT INTO BCP_DISTRICT (ID, NAME, ID_PROVINCE) VALUES (398,'CHIVAY',39);
INSERT INTO BCP_DISTRICT (ID, NAME, ID_PROVINCE) VALUES (399,'COPORAQUE',39);
INSERT INTO BCP_DISTRICT (ID, NAME, ID_PROVINCE) VALUES (400,'HUAMBO',39);
INSERT INTO BCP_DISTRICT (ID, NAME, ID_PROVINCE) VALUES (401,'HUANCA',39);
INSERT INTO BCP_DISTRICT (ID, NAME, ID_PROVINCE) VALUES (402,'ICHUPAMPA',39);
INSERT INTO BCP_DISTRICT (ID, NAME, ID_PROVINCE) VALUES (403,'LARI',39);
INSERT INTO BCP_DISTRICT (ID, NAME, ID_PROVINCE) VALUES (404,'LLUTA',39);
INSERT INTO BCP_DISTRICT (ID, NAME, ID_PROVINCE) VALUES (405,'MACA',39);
INSERT INTO BCP_DISTRICT (ID, NAME, ID_PROVINCE) VALUES (406,'MADRIGAL',39);
INSERT INTO BCP_DISTRICT (ID, NAME, ID_PROVINCE) VALUES (407,'SAN ANTONIO DE CHUCA',39);
INSERT INTO BCP_DISTRICT (ID, NAME, ID_PROVINCE) VALUES (408,'SIBAYO',39);
INSERT INTO BCP_DISTRICT (ID, NAME, ID_PROVINCE) VALUES (409,'TAPAY',39);
INSERT INTO BCP_DISTRICT (ID, NAME, ID_PROVINCE) VALUES (410,'TISCO',39);
INSERT INTO BCP_DISTRICT (ID, NAME, ID_PROVINCE) VALUES (411,'TUTI',39);
INSERT INTO BCP_DISTRICT (ID, NAME, ID_PROVINCE) VALUES (412,'YANQUE',39);
INSERT INTO BCP_DISTRICT (ID, NAME, ID_PROVINCE) VALUES (413,'ANDARAY',40);
INSERT INTO BCP_DISTRICT (ID, NAME, ID_PROVINCE) VALUES (414,'CAYARANI',40);
INSERT INTO BCP_DISTRICT (ID, NAME, ID_PROVINCE) VALUES (415,'CHICHAS',40);
INSERT INTO BCP_DISTRICT (ID, NAME, ID_PROVINCE) VALUES (416,'CHUQUIBAMBA',40);
INSERT INTO BCP_DISTRICT (ID, NAME, ID_PROVINCE) VALUES (417,'IRAY',40);
INSERT INTO BCP_DISTRICT (ID, NAME, ID_PROVINCE) VALUES (418,'RIO GRANDE',40);
INSERT INTO BCP_DISTRICT (ID, NAME, ID_PROVINCE) VALUES (419,'SALAMANCA',40);
INSERT INTO BCP_DISTRICT (ID, NAME, ID_PROVINCE) VALUES (420,'YANAQUIHUA',40);
INSERT INTO BCP_DISTRICT (ID, NAME, ID_PROVINCE) VALUES (421,'COCACHACRA',41);
INSERT INTO BCP_DISTRICT (ID, NAME, ID_PROVINCE) VALUES (422,'DEAN VALDIVIA',41);
INSERT INTO BCP_DISTRICT (ID, NAME, ID_PROVINCE) VALUES (423,'ISLAY',41);
INSERT INTO BCP_DISTRICT (ID, NAME, ID_PROVINCE) VALUES (424,'MEJIA',41);
INSERT INTO BCP_DISTRICT (ID, NAME, ID_PROVINCE) VALUES (425,'MOLLENDO',41);
INSERT INTO BCP_DISTRICT (ID, NAME, ID_PROVINCE) VALUES (426,'PUNTA DE BOMBON',41);
INSERT INTO BCP_DISTRICT (ID, NAME, ID_PROVINCE) VALUES (427,'ALCA',42);
INSERT INTO BCP_DISTRICT (ID, NAME, ID_PROVINCE) VALUES (428,'CHARCANA',42);
INSERT INTO BCP_DISTRICT (ID, NAME, ID_PROVINCE) VALUES (429,'COTAHUASI',42);
INSERT INTO BCP_DISTRICT (ID, NAME, ID_PROVINCE) VALUES (430,'HUAYNACOTAS',42);
INSERT INTO BCP_DISTRICT (ID, NAME, ID_PROVINCE) VALUES (431,'PAMPAMARCA',42);
INSERT INTO BCP_DISTRICT (ID, NAME, ID_PROVINCE) VALUES (432,'PUYCA',42);
INSERT INTO BCP_DISTRICT (ID, NAME, ID_PROVINCE) VALUES (433,'QUECHUALLA',42);
INSERT INTO BCP_DISTRICT (ID, NAME, ID_PROVINCE) VALUES (434,'SAYLA',42);
INSERT INTO BCP_DISTRICT (ID, NAME, ID_PROVINCE) VALUES (435,'TAURIA',42);
INSERT INTO BCP_DISTRICT (ID, NAME, ID_PROVINCE) VALUES (436,'TOMEPAMPA',42);
INSERT INTO BCP_DISTRICT (ID, NAME, ID_PROVINCE) VALUES (437,'TORO',42);
INSERT INTO BCP_DISTRICT (ID, NAME, ID_PROVINCE) VALUES (438,'CANGALLO',43);
INSERT INTO BCP_DISTRICT (ID, NAME, ID_PROVINCE) VALUES (439,'CHUSCHI',43);
INSERT INTO BCP_DISTRICT (ID, NAME, ID_PROVINCE) VALUES (440,'LOS MOROCHUCOS',43);
INSERT INTO BCP_DISTRICT (ID, NAME, ID_PROVINCE) VALUES (441,'MARIA PARADO DE BELL',43);
INSERT INTO BCP_DISTRICT (ID, NAME, ID_PROVINCE) VALUES (442,'PARAS',43);
INSERT INTO BCP_DISTRICT (ID, NAME, ID_PROVINCE) VALUES (443,'TOTOS',43);
INSERT INTO BCP_DISTRICT (ID, NAME, ID_PROVINCE) VALUES (444,'ACOCRO',44);
INSERT INTO BCP_DISTRICT (ID, NAME, ID_PROVINCE) VALUES (445,'ACOS VINCHOS',44);
INSERT INTO BCP_DISTRICT (ID, NAME, ID_PROVINCE) VALUES (446,'AYACUCHO',44);
INSERT INTO BCP_DISTRICT (ID, NAME, ID_PROVINCE) VALUES (447,'CARMEN ALTO',44);
INSERT INTO BCP_DISTRICT (ID, NAME, ID_PROVINCE) VALUES (448,'CHIARA',44);
INSERT INTO BCP_DISTRICT (ID, NAME, ID_PROVINCE) VALUES (449,'OCROS',44);
INSERT INTO BCP_DISTRICT (ID, NAME, ID_PROVINCE) VALUES (450,'PACAYCASA',44);
INSERT INTO BCP_DISTRICT (ID, NAME, ID_PROVINCE) VALUES (451,'QUINUA',44);
INSERT INTO BCP_DISTRICT (ID, NAME, ID_PROVINCE) VALUES (452,'SAN JOSE DE TICLLAS',44);
INSERT INTO BCP_DISTRICT (ID, NAME, ID_PROVINCE) VALUES (453,'SAN JUAN BAUTISTA',44);
INSERT INTO BCP_DISTRICT (ID, NAME, ID_PROVINCE) VALUES (454,'SANTIAGO DE PISCHA',44);
INSERT INTO BCP_DISTRICT (ID, NAME, ID_PROVINCE) VALUES (455,'SOCOS',44);
INSERT INTO BCP_DISTRICT (ID, NAME, ID_PROVINCE) VALUES (456,'TAMBILLO',44);
INSERT INTO BCP_DISTRICT (ID, NAME, ID_PROVINCE) VALUES (457,'VINCHOS',44);
INSERT INTO BCP_DISTRICT (ID, NAME, ID_PROVINCE) VALUES (458,'CARAPO',45);
INSERT INTO BCP_DISTRICT (ID, NAME, ID_PROVINCE) VALUES (459,'SACSAMARCA',45);
INSERT INTO BCP_DISTRICT (ID, NAME, ID_PROVINCE) VALUES (460,'SANCOS',45);
INSERT INTO BCP_DISTRICT (ID, NAME, ID_PROVINCE) VALUES (461,'SANTIAGO DE LUCANAMA',45);
INSERT INTO BCP_DISTRICT (ID, NAME, ID_PROVINCE) VALUES (462,'AYAHUANCO',46);
INSERT INTO BCP_DISTRICT (ID, NAME, ID_PROVINCE) VALUES (463,'HUAMANGUILLA',46);
INSERT INTO BCP_DISTRICT (ID, NAME, ID_PROVINCE) VALUES (464,'HUANTA',46);
INSERT INTO BCP_DISTRICT (ID, NAME, ID_PROVINCE) VALUES (465,'IGUAIN',46);
INSERT INTO BCP_DISTRICT (ID, NAME, ID_PROVINCE) VALUES (466,'LURICOCHA',46);
INSERT INTO BCP_DISTRICT (ID, NAME, ID_PROVINCE) VALUES (467,'SANTILLANA',46);
INSERT INTO BCP_DISTRICT (ID, NAME, ID_PROVINCE) VALUES (468,'SIVIA',46);
INSERT INTO BCP_DISTRICT (ID, NAME, ID_PROVINCE) VALUES (469,'ANCO',47);
INSERT INTO BCP_DISTRICT (ID, NAME, ID_PROVINCE) VALUES (470,'AYNA',47);
INSERT INTO BCP_DISTRICT (ID, NAME, ID_PROVINCE) VALUES (471,'CHILCAS',47);
INSERT INTO BCP_DISTRICT (ID, NAME, ID_PROVINCE) VALUES (472,'CHUNGUI',47);
INSERT INTO BCP_DISTRICT (ID, NAME, ID_PROVINCE) VALUES (473,'LUIS CARRANZA',47);
INSERT INTO BCP_DISTRICT (ID, NAME, ID_PROVINCE) VALUES (474,'SAN MIGUEL',47);
INSERT INTO BCP_DISTRICT (ID, NAME, ID_PROVINCE) VALUES (475,'SANTA ROSA',47);
INSERT INTO BCP_DISTRICT (ID, NAME, ID_PROVINCE) VALUES (476,'TAMBO',47);
INSERT INTO BCP_DISTRICT (ID, NAME, ID_PROVINCE) VALUES (477,'AUCARA',48);
INSERT INTO BCP_DISTRICT (ID, NAME, ID_PROVINCE) VALUES (478,'CABANA',48);
INSERT INTO BCP_DISTRICT (ID, NAME, ID_PROVINCE) VALUES (479,'CARMEN SALCEDO',48);
INSERT INTO BCP_DISTRICT (ID, NAME, ID_PROVINCE) VALUES (480,'CHAVI-A',48);
INSERT INTO BCP_DISTRICT (ID, NAME, ID_PROVINCE) VALUES (481,'CHIPAO',48);
INSERT INTO BCP_DISTRICT (ID, NAME, ID_PROVINCE) VALUES (482,'HUAC-HUAS',48);
INSERT INTO BCP_DISTRICT (ID, NAME, ID_PROVINCE) VALUES (483,'LARAMATE',48);
INSERT INTO BCP_DISTRICT (ID, NAME, ID_PROVINCE) VALUES (484,'LEONCIO PRADO',48);
INSERT INTO BCP_DISTRICT (ID, NAME, ID_PROVINCE) VALUES (485,'LLAUTA',48);
INSERT INTO BCP_DISTRICT (ID, NAME, ID_PROVINCE) VALUES (486,'LUCANAS',48);
INSERT INTO BCP_DISTRICT (ID, NAME, ID_PROVINCE) VALUES (487,'OCA-A',48);
INSERT INTO BCP_DISTRICT (ID, NAME, ID_PROVINCE) VALUES (488,'OTOCA',48);
INSERT INTO BCP_DISTRICT (ID, NAME, ID_PROVINCE) VALUES (489,'PUQUIO',48);
INSERT INTO BCP_DISTRICT (ID, NAME, ID_PROVINCE) VALUES (490,'SAISA',48);
INSERT INTO BCP_DISTRICT (ID, NAME, ID_PROVINCE) VALUES (491,'SAN CRISTOBAL',48);
INSERT INTO BCP_DISTRICT (ID, NAME, ID_PROVINCE) VALUES (492,'SAN JUAN',48);
INSERT INTO BCP_DISTRICT (ID, NAME, ID_PROVINCE) VALUES (493,'SAN PEDRO',48);
INSERT INTO BCP_DISTRICT (ID, NAME, ID_PROVINCE) VALUES (494,'SAN PEDRO DE PALCO',48);
INSERT INTO BCP_DISTRICT (ID, NAME, ID_PROVINCE) VALUES (495,'SANCOS',48);
INSERT INTO BCP_DISTRICT (ID, NAME, ID_PROVINCE) VALUES (496,'SANTA ANA DE HUAYCAH',48);
INSERT INTO BCP_DISTRICT (ID, NAME, ID_PROVINCE) VALUES (497,'SANTA LUCIA',48);
INSERT INTO BCP_DISTRICT (ID, NAME, ID_PROVINCE) VALUES (498,'CHUMPI',49);
INSERT INTO BCP_DISTRICT (ID, NAME, ID_PROVINCE) VALUES (499,'CORACORA',49);
INSERT INTO BCP_DISTRICT (ID, NAME, ID_PROVINCE) VALUES (500,'CORONEL CASTA-EDA',49);
INSERT INTO BCP_DISTRICT (ID, NAME, ID_PROVINCE) VALUES (501,'PACAPAUSA',49);
INSERT INTO BCP_DISTRICT (ID, NAME, ID_PROVINCE) VALUES (502,'PULLO',49);
INSERT INTO BCP_DISTRICT (ID, NAME, ID_PROVINCE) VALUES (503,'PUYUSCA',49);
INSERT INTO BCP_DISTRICT (ID, NAME, ID_PROVINCE) VALUES (504,'SAN FRANCISCO DE RAV',49);
INSERT INTO BCP_DISTRICT (ID, NAME, ID_PROVINCE) VALUES (505,'UPAHUACHO',49);
INSERT INTO BCP_DISTRICT (ID, NAME, ID_PROVINCE) VALUES (506,'COLTA',50);
INSERT INTO BCP_DISTRICT (ID, NAME, ID_PROVINCE) VALUES (507,'CORCULLA',50);
INSERT INTO BCP_DISTRICT (ID, NAME, ID_PROVINCE) VALUES (508,'LAMPA',50);
INSERT INTO BCP_DISTRICT (ID, NAME, ID_PROVINCE) VALUES (509,'MARCABAMBA',50);
INSERT INTO BCP_DISTRICT (ID, NAME, ID_PROVINCE) VALUES (510,'OYOLO',50);
INSERT INTO BCP_DISTRICT (ID, NAME, ID_PROVINCE) VALUES (511,'PARARCA',50);
INSERT INTO BCP_DISTRICT (ID, NAME, ID_PROVINCE) VALUES (512,'PAUSA',50);
INSERT INTO BCP_DISTRICT (ID, NAME, ID_PROVINCE) VALUES (513,'SAN JAVIER DE ALPABA',50);
INSERT INTO BCP_DISTRICT (ID, NAME, ID_PROVINCE) VALUES (514,'SAN JOSE DE USHUA',50);
INSERT INTO BCP_DISTRICT (ID, NAME, ID_PROVINCE) VALUES (515,'SARA SARA',50);
INSERT INTO BCP_DISTRICT (ID, NAME, ID_PROVINCE) VALUES (516,'BELEN',51);
INSERT INTO BCP_DISTRICT (ID, NAME, ID_PROVINCE) VALUES (517,'CHALCOS',51);
INSERT INTO BCP_DISTRICT (ID, NAME, ID_PROVINCE) VALUES (518,'CHILCAYOC',51);
INSERT INTO BCP_DISTRICT (ID, NAME, ID_PROVINCE) VALUES (519,'HUACA-A',51);
INSERT INTO BCP_DISTRICT (ID, NAME, ID_PROVINCE) VALUES (520,'MORCOLLA',51);
INSERT INTO BCP_DISTRICT (ID, NAME, ID_PROVINCE) VALUES (521,'PAICO',51);
INSERT INTO BCP_DISTRICT (ID, NAME, ID_PROVINCE) VALUES (522,'QUEROBAMBA',51);
INSERT INTO BCP_DISTRICT (ID, NAME, ID_PROVINCE) VALUES (523,'SAN PEDRO DE LARCAY',51);
INSERT INTO BCP_DISTRICT (ID, NAME, ID_PROVINCE) VALUES (524,'SAN SALVADOR DE QUIJ',51);
INSERT INTO BCP_DISTRICT (ID, NAME, ID_PROVINCE) VALUES (525,'SANTIAGO DE PAUCARAY',51);
INSERT INTO BCP_DISTRICT (ID, NAME, ID_PROVINCE) VALUES (526,'SORAS',51);
INSERT INTO BCP_DISTRICT (ID, NAME, ID_PROVINCE) VALUES (527,'ALCAMENCA',52);
INSERT INTO BCP_DISTRICT (ID, NAME, ID_PROVINCE) VALUES (528,'APONGO',52);
INSERT INTO BCP_DISTRICT (ID, NAME, ID_PROVINCE) VALUES (529,'ASQUIPATA',52);
INSERT INTO BCP_DISTRICT (ID, NAME, ID_PROVINCE) VALUES (530,'CANARIA',52);
INSERT INTO BCP_DISTRICT (ID, NAME, ID_PROVINCE) VALUES (531,'CAYARA',52);
INSERT INTO BCP_DISTRICT (ID, NAME, ID_PROVINCE) VALUES (532,'COLCA',52);
INSERT INTO BCP_DISTRICT (ID, NAME, ID_PROVINCE) VALUES (533,'HUAMANQUIQUIA',52);
INSERT INTO BCP_DISTRICT (ID, NAME, ID_PROVINCE) VALUES (534,'HUANCAPI',52);
INSERT INTO BCP_DISTRICT (ID, NAME, ID_PROVINCE) VALUES (535,'HUANCARAYLLA',52);
INSERT INTO BCP_DISTRICT (ID, NAME, ID_PROVINCE) VALUES (536,'HUAYA',52);
INSERT INTO BCP_DISTRICT (ID, NAME, ID_PROVINCE) VALUES (537,'SARHUA',52);
INSERT INTO BCP_DISTRICT (ID, NAME, ID_PROVINCE) VALUES (538,'VILCANCHOS',52);
INSERT INTO BCP_DISTRICT (ID, NAME, ID_PROVINCE) VALUES (539,'ACCOMARCA',53);
INSERT INTO BCP_DISTRICT (ID, NAME, ID_PROVINCE) VALUES (540,'CARHUANCA',53);
INSERT INTO BCP_DISTRICT (ID, NAME, ID_PROVINCE) VALUES (541,'CONCEPCION',53);
INSERT INTO BCP_DISTRICT (ID, NAME, ID_PROVINCE) VALUES (542,'HUAMBALPA',53);
INSERT INTO BCP_DISTRICT (ID, NAME, ID_PROVINCE) VALUES (543,'INDEPENDENCIA',53);
INSERT INTO BCP_DISTRICT (ID, NAME, ID_PROVINCE) VALUES (544,'SAURAMA',53);
INSERT INTO BCP_DISTRICT (ID, NAME, ID_PROVINCE) VALUES (545,'VILCAS HUAMAN',53);
INSERT INTO BCP_DISTRICT (ID, NAME, ID_PROVINCE) VALUES (546,'VISCHONGO',53);
INSERT INTO BCP_DISTRICT (ID, NAME, ID_PROVINCE) VALUES (547,'CACHACHI',54);
INSERT INTO BCP_DISTRICT (ID, NAME, ID_PROVINCE) VALUES (548,'CAJABAMBA',54);
INSERT INTO BCP_DISTRICT (ID, NAME, ID_PROVINCE) VALUES (549,'CONDEBAMBA',54);
INSERT INTO BCP_DISTRICT (ID, NAME, ID_PROVINCE) VALUES (550,'SITACOCHA',54);
INSERT INTO BCP_DISTRICT (ID, NAME, ID_PROVINCE) VALUES (551,'ASUNCION',55);
INSERT INTO BCP_DISTRICT (ID, NAME, ID_PROVINCE) VALUES (552,'CAJAMARCA',55);
INSERT INTO BCP_DISTRICT (ID, NAME, ID_PROVINCE) VALUES (553,'CHETILLA',55);
INSERT INTO BCP_DISTRICT (ID, NAME, ID_PROVINCE) VALUES (554,'COSPAN',55);
INSERT INTO BCP_DISTRICT (ID, NAME, ID_PROVINCE) VALUES (555,'ENCA-ADA',55);
INSERT INTO BCP_DISTRICT (ID, NAME, ID_PROVINCE) VALUES (556,'JESUS',55);
INSERT INTO BCP_DISTRICT (ID, NAME, ID_PROVINCE) VALUES (557,'LLACANORA',55);
INSERT INTO BCP_DISTRICT (ID, NAME, ID_PROVINCE) VALUES (558,'LOS BA-OS DEL INCA',55);
INSERT INTO BCP_DISTRICT (ID, NAME, ID_PROVINCE) VALUES (559,'MAGDALENA',55);
INSERT INTO BCP_DISTRICT (ID, NAME, ID_PROVINCE) VALUES (560,'MATARA',55);
INSERT INTO BCP_DISTRICT (ID, NAME, ID_PROVINCE) VALUES (561,'NAMORA',55);
INSERT INTO BCP_DISTRICT (ID, NAME, ID_PROVINCE) VALUES (562,'SAN JUAN',55);
INSERT INTO BCP_DISTRICT (ID, NAME, ID_PROVINCE) VALUES (563,'CELENDIN',56);
INSERT INTO BCP_DISTRICT (ID, NAME, ID_PROVINCE) VALUES (564,'CHUMUCH',56);
INSERT INTO BCP_DISTRICT (ID, NAME, ID_PROVINCE) VALUES (565,'CORTEGANA',56);
INSERT INTO BCP_DISTRICT (ID, NAME, ID_PROVINCE) VALUES (566,'HUASMIN',56);
INSERT INTO BCP_DISTRICT (ID, NAME, ID_PROVINCE) VALUES (567,'JORGE CHAVEZ',56);
INSERT INTO BCP_DISTRICT (ID, NAME, ID_PROVINCE) VALUES (568,'JOSE GALVEZ',56);
INSERT INTO BCP_DISTRICT (ID, NAME, ID_PROVINCE) VALUES (569,'LA LIBERTAD DE PALLA',56);
INSERT INTO BCP_DISTRICT (ID, NAME, ID_PROVINCE) VALUES (570,'MIGUEL IGLESIAS',56);
INSERT INTO BCP_DISTRICT (ID, NAME, ID_PROVINCE) VALUES (571,'OXAMARCA',56);
INSERT INTO BCP_DISTRICT (ID, NAME, ID_PROVINCE) VALUES (572,'SOROCHUCO',56);
INSERT INTO BCP_DISTRICT (ID, NAME, ID_PROVINCE) VALUES (573,'SUCRE',56);
INSERT INTO BCP_DISTRICT (ID, NAME, ID_PROVINCE) VALUES (574,'UTCO',56);
INSERT INTO BCP_DISTRICT (ID, NAME, ID_PROVINCE) VALUES (575,'ANGUIA',57);
INSERT INTO BCP_DISTRICT (ID, NAME, ID_PROVINCE) VALUES (576,'CHADIN',57);
INSERT INTO BCP_DISTRICT (ID, NAME, ID_PROVINCE) VALUES (577,'CHALAMARCA',57);
INSERT INTO BCP_DISTRICT (ID, NAME, ID_PROVINCE) VALUES (578,'CHIGUIRIP',57);
INSERT INTO BCP_DISTRICT (ID, NAME, ID_PROVINCE) VALUES (579,'CHIMBAN',57);
INSERT INTO BCP_DISTRICT (ID, NAME, ID_PROVINCE) VALUES (580,'CHOROPAMPA',57);
INSERT INTO BCP_DISTRICT (ID, NAME, ID_PROVINCE) VALUES (581,'CHOTA',57);
INSERT INTO BCP_DISTRICT (ID, NAME, ID_PROVINCE) VALUES (582,'COCHABAMBA',57);
INSERT INTO BCP_DISTRICT (ID, NAME, ID_PROVINCE) VALUES (583,'CONCHAN',57);
INSERT INTO BCP_DISTRICT (ID, NAME, ID_PROVINCE) VALUES (584,'HUAMBOS',57);
INSERT INTO BCP_DISTRICT (ID, NAME, ID_PROVINCE) VALUES (585,'LAJAS',57);
INSERT INTO BCP_DISTRICT (ID, NAME, ID_PROVINCE) VALUES (586,'LLAMA',57);
INSERT INTO BCP_DISTRICT (ID, NAME, ID_PROVINCE) VALUES (587,'MIRACOSTA',57);
INSERT INTO BCP_DISTRICT (ID, NAME, ID_PROVINCE) VALUES (588,'PACCHA',57);
INSERT INTO BCP_DISTRICT (ID, NAME, ID_PROVINCE) VALUES (589,'PION',57);
INSERT INTO BCP_DISTRICT (ID, NAME, ID_PROVINCE) VALUES (590,'QUEROCOTO',57);
INSERT INTO BCP_DISTRICT (ID, NAME, ID_PROVINCE) VALUES (591,'SAN JUAN DE LICUPIS',57);
INSERT INTO BCP_DISTRICT (ID, NAME, ID_PROVINCE) VALUES (592,'TACABAMBA',57);
INSERT INTO BCP_DISTRICT (ID, NAME, ID_PROVINCE) VALUES (593,'TOCMOCHE',57);
INSERT INTO BCP_DISTRICT (ID, NAME, ID_PROVINCE) VALUES (594,'CHILETE',58);
INSERT INTO BCP_DISTRICT (ID, NAME, ID_PROVINCE) VALUES (595,'CONTUMAZA',58);
INSERT INTO BCP_DISTRICT (ID, NAME, ID_PROVINCE) VALUES (596,'CUPISNIQUE',58);
INSERT INTO BCP_DISTRICT (ID, NAME, ID_PROVINCE) VALUES (597,'GUZMANGO',58);
INSERT INTO BCP_DISTRICT (ID, NAME, ID_PROVINCE) VALUES (598,'SAN BENITO',58);
INSERT INTO BCP_DISTRICT (ID, NAME, ID_PROVINCE) VALUES (599,'SANTA CRUZ DE TOLED',58);
INSERT INTO BCP_DISTRICT (ID, NAME, ID_PROVINCE) VALUES (600,'TANTARICA',58);
INSERT INTO BCP_DISTRICT (ID, NAME, ID_PROVINCE) VALUES (601,'YONAN',58);
INSERT INTO BCP_DISTRICT (ID, NAME, ID_PROVINCE) VALUES (602,'CALLAYUC',59);
INSERT INTO BCP_DISTRICT (ID, NAME, ID_PROVINCE) VALUES (603,'CHOROS',59);
INSERT INTO BCP_DISTRICT (ID, NAME, ID_PROVINCE) VALUES (604,'CUJILLO',59);
INSERT INTO BCP_DISTRICT (ID, NAME, ID_PROVINCE) VALUES (605,'CUTERVO',59);
INSERT INTO BCP_DISTRICT (ID, NAME, ID_PROVINCE) VALUES (606,'LA RAMADA',59);
INSERT INTO BCP_DISTRICT (ID, NAME, ID_PROVINCE) VALUES (607,'PIMPINGOS',59);
INSERT INTO BCP_DISTRICT (ID, NAME, ID_PROVINCE) VALUES (608,'QUEROCOTILLO',59);
INSERT INTO BCP_DISTRICT (ID, NAME, ID_PROVINCE) VALUES (609,'SAN ANDRES DE CUTERV',59);
INSERT INTO BCP_DISTRICT (ID, NAME, ID_PROVINCE) VALUES (610,'SAN JUAN DE CUTERVO',59);
INSERT INTO BCP_DISTRICT (ID, NAME, ID_PROVINCE) VALUES (611,'SAN LUIS DE LUCMA',59);
INSERT INTO BCP_DISTRICT (ID, NAME, ID_PROVINCE) VALUES (612,'SANTA CRUZ',59);
INSERT INTO BCP_DISTRICT (ID, NAME, ID_PROVINCE) VALUES (613,'SANTO DOMINGO DE LA',59);
INSERT INTO BCP_DISTRICT (ID, NAME, ID_PROVINCE) VALUES (614,'SANTO TOMAS',59);
INSERT INTO BCP_DISTRICT (ID, NAME, ID_PROVINCE) VALUES (615,'SOCOTA',59);
INSERT INTO BCP_DISTRICT (ID, NAME, ID_PROVINCE) VALUES (616,'TORIBIO CASANOVA',59);
INSERT INTO BCP_DISTRICT (ID, NAME, ID_PROVINCE) VALUES (617,'BAMBAMARCA',60);
INSERT INTO BCP_DISTRICT (ID, NAME, ID_PROVINCE) VALUES (618,'CHUGUR',60);
INSERT INTO BCP_DISTRICT (ID, NAME, ID_PROVINCE) VALUES (619,'HUALGAYOC',60);
INSERT INTO BCP_DISTRICT (ID, NAME, ID_PROVINCE) VALUES (620,'BELLAVISTA',61);
INSERT INTO BCP_DISTRICT (ID, NAME, ID_PROVINCE) VALUES (621,'CHONTALI',61);
INSERT INTO BCP_DISTRICT (ID, NAME, ID_PROVINCE) VALUES (622,'COLASAY',61);
INSERT INTO BCP_DISTRICT (ID, NAME, ID_PROVINCE) VALUES (623,'HUABAL',61);
INSERT INTO BCP_DISTRICT (ID, NAME, ID_PROVINCE) VALUES (624,'JAEN',61);
INSERT INTO BCP_DISTRICT (ID, NAME, ID_PROVINCE) VALUES (625,'LAS PIRIAS',61);
INSERT INTO BCP_DISTRICT (ID, NAME, ID_PROVINCE) VALUES (626,'POMAHUACA',61);
INSERT INTO BCP_DISTRICT (ID, NAME, ID_PROVINCE) VALUES (627,'PUCARA',61);
INSERT INTO BCP_DISTRICT (ID, NAME, ID_PROVINCE) VALUES (628,'SALLIQUE',61);
INSERT INTO BCP_DISTRICT (ID, NAME, ID_PROVINCE) VALUES (629,'SAN FELIPE',61);
INSERT INTO BCP_DISTRICT (ID, NAME, ID_PROVINCE) VALUES (630,'SAN JOSE DEL ALTO',61);
INSERT INTO BCP_DISTRICT (ID, NAME, ID_PROVINCE) VALUES (631,'SANTA ROSA',61);
INSERT INTO BCP_DISTRICT (ID, NAME, ID_PROVINCE) VALUES (632,'CHIRINOS',62);
INSERT INTO BCP_DISTRICT (ID, NAME, ID_PROVINCE) VALUES (633,'HUARANGO',62);
INSERT INTO BCP_DISTRICT (ID, NAME, ID_PROVINCE) VALUES (634,'LA COIPA',62);
INSERT INTO BCP_DISTRICT (ID, NAME, ID_PROVINCE) VALUES (635,'NAMBALLE',62);
INSERT INTO BCP_DISTRICT (ID, NAME, ID_PROVINCE) VALUES (636,'SAN IGNACIO',62);
INSERT INTO BCP_DISTRICT (ID, NAME, ID_PROVINCE) VALUES (637,'SAN JOSE DE LOURDES',62);
INSERT INTO BCP_DISTRICT (ID, NAME, ID_PROVINCE) VALUES (638,'TABACONAS',62);
INSERT INTO BCP_DISTRICT (ID, NAME, ID_PROVINCE) VALUES (639,'CHANCAY',63);
INSERT INTO BCP_DISTRICT (ID, NAME, ID_PROVINCE) VALUES (640,'EDUARDO VILLANUEVA',63);
INSERT INTO BCP_DISTRICT (ID, NAME, ID_PROVINCE) VALUES (641,'GREGORIO PITA',63);
INSERT INTO BCP_DISTRICT (ID, NAME, ID_PROVINCE) VALUES (642,'ICHOCAN',63);
INSERT INTO BCP_DISTRICT (ID, NAME, ID_PROVINCE) VALUES (643,'JOSE MANUEL QUIROZ',63);
INSERT INTO BCP_DISTRICT (ID, NAME, ID_PROVINCE) VALUES (644,'JOSE SABOGAL',63);
INSERT INTO BCP_DISTRICT (ID, NAME, ID_PROVINCE) VALUES (645,'PEDRO GALVEZ',63);
INSERT INTO BCP_DISTRICT (ID, NAME, ID_PROVINCE) VALUES (646,'BOLIVAR',64);
INSERT INTO BCP_DISTRICT (ID, NAME, ID_PROVINCE) VALUES (647,'CALQUIS',64);
INSERT INTO BCP_DISTRICT (ID, NAME, ID_PROVINCE) VALUES (648,'CATILLUC',64);
INSERT INTO BCP_DISTRICT (ID, NAME, ID_PROVINCE) VALUES (649,'EL PRADO',64);
INSERT INTO BCP_DISTRICT (ID, NAME, ID_PROVINCE) VALUES (650,'LA FLORIDA',64);
INSERT INTO BCP_DISTRICT (ID, NAME, ID_PROVINCE) VALUES (651,'LLAPA',64);
INSERT INTO BCP_DISTRICT (ID, NAME, ID_PROVINCE) VALUES (652,'NANCHOC',64);
INSERT INTO BCP_DISTRICT (ID, NAME, ID_PROVINCE) VALUES (653,'NIEPOS',64);
INSERT INTO BCP_DISTRICT (ID, NAME, ID_PROVINCE) VALUES (654,'SAN GREGORIO',64);
INSERT INTO BCP_DISTRICT (ID, NAME, ID_PROVINCE) VALUES (655,'SAN MIGUEL',64);
INSERT INTO BCP_DISTRICT (ID, NAME, ID_PROVINCE) VALUES (656,'SAN SILVESTRE DE COC',64);
INSERT INTO BCP_DISTRICT (ID, NAME, ID_PROVINCE) VALUES (657,'TONGOD',64);
INSERT INTO BCP_DISTRICT (ID, NAME, ID_PROVINCE) VALUES (658,'UNION AGUA BLANCA',64);
INSERT INTO BCP_DISTRICT (ID, NAME, ID_PROVINCE) VALUES (659,'SAN BERNARDINO',65);
INSERT INTO BCP_DISTRICT (ID, NAME, ID_PROVINCE) VALUES (660,'SAN LUIS',65);
INSERT INTO BCP_DISTRICT (ID, NAME, ID_PROVINCE) VALUES (661,'SAN PABLO',65);
INSERT INTO BCP_DISTRICT (ID, NAME, ID_PROVINCE) VALUES (662,'TUMBADEN',65);
INSERT INTO BCP_DISTRICT (ID, NAME, ID_PROVINCE) VALUES (663,'ANDABAMBA',66);
INSERT INTO BCP_DISTRICT (ID, NAME, ID_PROVINCE) VALUES (664,'CATACHE',66);
INSERT INTO BCP_DISTRICT (ID, NAME, ID_PROVINCE) VALUES (665,'CHANCAYBA-OS',66);
INSERT INTO BCP_DISTRICT (ID, NAME, ID_PROVINCE) VALUES (666,'LA ESPERANZA',66);
INSERT INTO BCP_DISTRICT (ID, NAME, ID_PROVINCE) VALUES (667,'NINABAMBA',66);
INSERT INTO BCP_DISTRICT (ID, NAME, ID_PROVINCE) VALUES (668,'PULAN',66);
INSERT INTO BCP_DISTRICT (ID, NAME, ID_PROVINCE) VALUES (669,'SANTA CRUZ',66);
INSERT INTO BCP_DISTRICT (ID, NAME, ID_PROVINCE) VALUES (670,'SAUCEPAMPA',66);
INSERT INTO BCP_DISTRICT (ID, NAME, ID_PROVINCE) VALUES (671,'SEXI',66);
INSERT INTO BCP_DISTRICT (ID, NAME, ID_PROVINCE) VALUES (672,'UTICYACU',66);
INSERT INTO BCP_DISTRICT (ID, NAME, ID_PROVINCE) VALUES (673,'YAUYUCAN',66);
INSERT INTO BCP_DISTRICT (ID, NAME, ID_PROVINCE) VALUES (674,'BELLAVISTA',67);
INSERT INTO BCP_DISTRICT (ID, NAME, ID_PROVINCE) VALUES (675,'CALLAO',67);
INSERT INTO BCP_DISTRICT (ID, NAME, ID_PROVINCE) VALUES (676,'CARMEN DE LA LEGUA R',67);
INSERT INTO BCP_DISTRICT (ID, NAME, ID_PROVINCE) VALUES (677,'LA PERLA',67);
INSERT INTO BCP_DISTRICT (ID, NAME, ID_PROVINCE) VALUES (678,'LA PUNTA',67);
INSERT INTO BCP_DISTRICT (ID, NAME, ID_PROVINCE) VALUES (679,'VENTANILLA',67);
INSERT INTO BCP_DISTRICT (ID, NAME, ID_PROVINCE) VALUES (680,'ACOMAYO',68);
INSERT INTO BCP_DISTRICT (ID, NAME, ID_PROVINCE) VALUES (681,'ACOPIA',68);
INSERT INTO BCP_DISTRICT (ID, NAME, ID_PROVINCE) VALUES (682,'ACOS',68);
INSERT INTO BCP_DISTRICT (ID, NAME, ID_PROVINCE) VALUES (683,'MOSOC LLACTA',68);
INSERT INTO BCP_DISTRICT (ID, NAME, ID_PROVINCE) VALUES (684,'POMACANCHI',68);
INSERT INTO BCP_DISTRICT (ID, NAME, ID_PROVINCE) VALUES (685,'RONDOCAN',68);
INSERT INTO BCP_DISTRICT (ID, NAME, ID_PROVINCE) VALUES (686,'SANGARARA',68);
INSERT INTO BCP_DISTRICT (ID, NAME, ID_PROVINCE) VALUES (687,'ANCAHUASI',69);
INSERT INTO BCP_DISTRICT (ID, NAME, ID_PROVINCE) VALUES (688,'ANTA',69);
INSERT INTO BCP_DISTRICT (ID, NAME, ID_PROVINCE) VALUES (689,'CACHIMAYO',69);
INSERT INTO BCP_DISTRICT (ID, NAME, ID_PROVINCE) VALUES (690,'CHINCHAYPUJIO',69);
INSERT INTO BCP_DISTRICT (ID, NAME, ID_PROVINCE) VALUES (691,'HUAROCONDO',69);
INSERT INTO BCP_DISTRICT (ID, NAME, ID_PROVINCE) VALUES (692,'LIMATAMBO',69);
INSERT INTO BCP_DISTRICT (ID, NAME, ID_PROVINCE) VALUES (693,'MOLLEPATA',69);
INSERT INTO BCP_DISTRICT (ID, NAME, ID_PROVINCE) VALUES (694,'PUCYURA',69);
INSERT INTO BCP_DISTRICT (ID, NAME, ID_PROVINCE) VALUES (695,'ZURITE',69);
INSERT INTO BCP_DISTRICT (ID, NAME, ID_PROVINCE) VALUES (696,'CALCA',70);
INSERT INTO BCP_DISTRICT (ID, NAME, ID_PROVINCE) VALUES (697,'COYA',70);
INSERT INTO BCP_DISTRICT (ID, NAME, ID_PROVINCE) VALUES (698,'LAMAY',70);
INSERT INTO BCP_DISTRICT (ID, NAME, ID_PROVINCE) VALUES (699,'LARES',70);
INSERT INTO BCP_DISTRICT (ID, NAME, ID_PROVINCE) VALUES (700,'PISAC',70);
INSERT INTO BCP_DISTRICT (ID, NAME, ID_PROVINCE) VALUES (701,'SAN SALVADOR',70);
INSERT INTO BCP_DISTRICT (ID, NAME, ID_PROVINCE) VALUES (702,'TARAY',70);
INSERT INTO BCP_DISTRICT (ID, NAME, ID_PROVINCE) VALUES (703,'YANATILE',70);
INSERT INTO BCP_DISTRICT (ID, NAME, ID_PROVINCE) VALUES (704,'CHECCA',71);
INSERT INTO BCP_DISTRICT (ID, NAME, ID_PROVINCE) VALUES (705,'KUNTURKANKI',71);
INSERT INTO BCP_DISTRICT (ID, NAME, ID_PROVINCE) VALUES (706,'LANGUI',71);
INSERT INTO BCP_DISTRICT (ID, NAME, ID_PROVINCE) VALUES (707,'LAYO',71);
INSERT INTO BCP_DISTRICT (ID, NAME, ID_PROVINCE) VALUES (708,'PAMPAMARCA',71);
INSERT INTO BCP_DISTRICT (ID, NAME, ID_PROVINCE) VALUES (709,'QUEHUE',71);
INSERT INTO BCP_DISTRICT (ID, NAME, ID_PROVINCE) VALUES (710,'TUPAC AMARU',71);
INSERT INTO BCP_DISTRICT (ID, NAME, ID_PROVINCE) VALUES (711,'YANAOCA',71);
INSERT INTO BCP_DISTRICT (ID, NAME, ID_PROVINCE) VALUES (712,'CHECACUPE',72);
INSERT INTO BCP_DISTRICT (ID, NAME, ID_PROVINCE) VALUES (713,'COMBAPATA',72);
INSERT INTO BCP_DISTRICT (ID, NAME, ID_PROVINCE) VALUES (714,'MARANGANI',72);
INSERT INTO BCP_DISTRICT (ID, NAME, ID_PROVINCE) VALUES (715,'PITUMARCA',72);
INSERT INTO BCP_DISTRICT (ID, NAME, ID_PROVINCE) VALUES (716,'SAN PABLO',72);
INSERT INTO BCP_DISTRICT (ID, NAME, ID_PROVINCE) VALUES (717,'SAN PEDRO',72);
INSERT INTO BCP_DISTRICT (ID, NAME, ID_PROVINCE) VALUES (718,'SICUANI',72);
INSERT INTO BCP_DISTRICT (ID, NAME, ID_PROVINCE) VALUES (719,'TINTA',72);
INSERT INTO BCP_DISTRICT (ID, NAME, ID_PROVINCE) VALUES (720,'CAPACMARCA',73);
INSERT INTO BCP_DISTRICT (ID, NAME, ID_PROVINCE) VALUES (721,'CHAMACA',73);
INSERT INTO BCP_DISTRICT (ID, NAME, ID_PROVINCE) VALUES (722,'COLQUEMARCA',73);
INSERT INTO BCP_DISTRICT (ID, NAME, ID_PROVINCE) VALUES (723,'LIVITACA',73);
INSERT INTO BCP_DISTRICT (ID, NAME, ID_PROVINCE) VALUES (724,'LLUSCO',73);
INSERT INTO BCP_DISTRICT (ID, NAME, ID_PROVINCE) VALUES (725,'QUI-OTA',73);
INSERT INTO BCP_DISTRICT (ID, NAME, ID_PROVINCE) VALUES (726,'SANTO TOMAS',73);
INSERT INTO BCP_DISTRICT (ID, NAME, ID_PROVINCE) VALUES (727,'VELILLE',73);
INSERT INTO BCP_DISTRICT (ID, NAME, ID_PROVINCE) VALUES (728,'CCORCA',74);
INSERT INTO BCP_DISTRICT (ID, NAME, ID_PROVINCE) VALUES (729,'CUSCO',74);
INSERT INTO BCP_DISTRICT (ID, NAME, ID_PROVINCE) VALUES (730,'POROY',74);
INSERT INTO BCP_DISTRICT (ID, NAME, ID_PROVINCE) VALUES (731,'SAN JERONIMO',74);
INSERT INTO BCP_DISTRICT (ID, NAME, ID_PROVINCE) VALUES (732,'SAN SEBASTIAN',74);
INSERT INTO BCP_DISTRICT (ID, NAME, ID_PROVINCE) VALUES (733,'SANTIAGO',74);
INSERT INTO BCP_DISTRICT (ID, NAME, ID_PROVINCE) VALUES (734,'SAYLLA',74);
INSERT INTO BCP_DISTRICT (ID, NAME, ID_PROVINCE) VALUES (735,'WANCHAQ',74);
INSERT INTO BCP_DISTRICT (ID, NAME, ID_PROVINCE) VALUES (736,'ALTO PICHIGUA',75);
INSERT INTO BCP_DISTRICT (ID, NAME, ID_PROVINCE) VALUES (737,'CONDOROMA',75);
INSERT INTO BCP_DISTRICT (ID, NAME, ID_PROVINCE) VALUES (738,'COPORAQUE',75);
INSERT INTO BCP_DISTRICT (ID, NAME, ID_PROVINCE) VALUES (739,'ESPINAR',75);
INSERT INTO BCP_DISTRICT (ID, NAME, ID_PROVINCE) VALUES (740,'OCORURO',75);
INSERT INTO BCP_DISTRICT (ID, NAME, ID_PROVINCE) VALUES (741,'PALLPATA',75);
INSERT INTO BCP_DISTRICT (ID, NAME, ID_PROVINCE) VALUES (742,'PICHIGUA',75);
INSERT INTO BCP_DISTRICT (ID, NAME, ID_PROVINCE) VALUES (743,'SUYCKUTAMBO',75);
INSERT INTO BCP_DISTRICT (ID, NAME, ID_PROVINCE) VALUES (744,'ECHARATE',76);
INSERT INTO BCP_DISTRICT (ID, NAME, ID_PROVINCE) VALUES (745,'HUAYOPATA',76);
INSERT INTO BCP_DISTRICT (ID, NAME, ID_PROVINCE) VALUES (746,'MARANURA',76);
INSERT INTO BCP_DISTRICT (ID, NAME, ID_PROVINCE) VALUES (747,'OCOBAMBA',76);
INSERT INTO BCP_DISTRICT (ID, NAME, ID_PROVINCE) VALUES (748,'PICHARI',76);
INSERT INTO BCP_DISTRICT (ID, NAME, ID_PROVINCE) VALUES (749,'QUELLOUNO',76);
INSERT INTO BCP_DISTRICT (ID, NAME, ID_PROVINCE) VALUES (750,'QUIMBIRI',76);
INSERT INTO BCP_DISTRICT (ID, NAME, ID_PROVINCE) VALUES (751,'SANTA ANA',76);
INSERT INTO BCP_DISTRICT (ID, NAME, ID_PROVINCE) VALUES (752,'SANTA TERESA',76);
INSERT INTO BCP_DISTRICT (ID, NAME, ID_PROVINCE) VALUES (753,'VILCABAMBA',76);
INSERT INTO BCP_DISTRICT (ID, NAME, ID_PROVINCE) VALUES (754,'ACCHA',77);
INSERT INTO BCP_DISTRICT (ID, NAME, ID_PROVINCE) VALUES (755,'CCAPI',77);
INSERT INTO BCP_DISTRICT (ID, NAME, ID_PROVINCE) VALUES (756,'COLCHA',77);
INSERT INTO BCP_DISTRICT (ID, NAME, ID_PROVINCE) VALUES (757,'HUANOQUITE',77);
INSERT INTO BCP_DISTRICT (ID, NAME, ID_PROVINCE) VALUES (758,'OMACHA',77);
INSERT INTO BCP_DISTRICT (ID, NAME, ID_PROVINCE) VALUES (759,'PACCARITAMBO',77);
INSERT INTO BCP_DISTRICT (ID, NAME, ID_PROVINCE) VALUES (760,'PARURO',77);
INSERT INTO BCP_DISTRICT (ID, NAME, ID_PROVINCE) VALUES (761,'PILLPINTO',77);
INSERT INTO BCP_DISTRICT (ID, NAME, ID_PROVINCE) VALUES (762,'YAURISQUE',77);
INSERT INTO BCP_DISTRICT (ID, NAME, ID_PROVINCE) VALUES (763,'CAICAY',78);
INSERT INTO BCP_DISTRICT (ID, NAME, ID_PROVINCE) VALUES (764,'CHALLABAMBA',78);
INSERT INTO BCP_DISTRICT (ID, NAME, ID_PROVINCE) VALUES (765,'COLQUEPATA',78);
INSERT INTO BCP_DISTRICT (ID, NAME, ID_PROVINCE) VALUES (766,'HUANCARANI',78);
INSERT INTO BCP_DISTRICT (ID, NAME, ID_PROVINCE) VALUES (767,'KOS-IPATA',78);
INSERT INTO BCP_DISTRICT (ID, NAME, ID_PROVINCE) VALUES (768,'PAUCARTAMBO',78);
INSERT INTO BCP_DISTRICT (ID, NAME, ID_PROVINCE) VALUES (769,'ANDAHUAYLILLAS',79);
INSERT INTO BCP_DISTRICT (ID, NAME, ID_PROVINCE) VALUES (770,'CAMANTI',79);
INSERT INTO BCP_DISTRICT (ID, NAME, ID_PROVINCE) VALUES (771,'CCARHUAYO',79);
INSERT INTO BCP_DISTRICT (ID, NAME, ID_PROVINCE) VALUES (772,'CCATCA',79);
INSERT INTO BCP_DISTRICT (ID, NAME, ID_PROVINCE) VALUES (773,'CUSIPATA',79);
INSERT INTO BCP_DISTRICT (ID, NAME, ID_PROVINCE) VALUES (774,'HUARO',79);
INSERT INTO BCP_DISTRICT (ID, NAME, ID_PROVINCE) VALUES (775,'LUCRE',79);
INSERT INTO BCP_DISTRICT (ID, NAME, ID_PROVINCE) VALUES (776,'MARCAPATA',79);
INSERT INTO BCP_DISTRICT (ID, NAME, ID_PROVINCE) VALUES (777,'OCONGATE',79);
INSERT INTO BCP_DISTRICT (ID, NAME, ID_PROVINCE) VALUES (778,'OROPESA',79);
INSERT INTO BCP_DISTRICT (ID, NAME, ID_PROVINCE) VALUES (779,'QUIQUIJANA',79);
INSERT INTO BCP_DISTRICT (ID, NAME, ID_PROVINCE) VALUES (780,'URCOS',79);
INSERT INTO BCP_DISTRICT (ID, NAME, ID_PROVINCE) VALUES (781,'CHINCHERO',80);
INSERT INTO BCP_DISTRICT (ID, NAME, ID_PROVINCE) VALUES (782,'HUAYLLABAMBA',80);
INSERT INTO BCP_DISTRICT (ID, NAME, ID_PROVINCE) VALUES (783,'MACHUPICCHU',80);
INSERT INTO BCP_DISTRICT (ID, NAME, ID_PROVINCE) VALUES (784,'MARAS',80);
INSERT INTO BCP_DISTRICT (ID, NAME, ID_PROVINCE) VALUES (785,'OLLANTAYTAMBO',80);
INSERT INTO BCP_DISTRICT (ID, NAME, ID_PROVINCE) VALUES (786,'URUBAMBA',80);
INSERT INTO BCP_DISTRICT (ID, NAME, ID_PROVINCE) VALUES (787,'YUCAY',80);
INSERT INTO BCP_DISTRICT (ID, NAME, ID_PROVINCE) VALUES (788,'ACOBAMBA',81);
INSERT INTO BCP_DISTRICT (ID, NAME, ID_PROVINCE) VALUES (789,'ANDABAMBA',81);
INSERT INTO BCP_DISTRICT (ID, NAME, ID_PROVINCE) VALUES (790,'ANTA',81);
INSERT INTO BCP_DISTRICT (ID, NAME, ID_PROVINCE) VALUES (791,'CAJA',81);
INSERT INTO BCP_DISTRICT (ID, NAME, ID_PROVINCE) VALUES (792,'MARCAS',81);
INSERT INTO BCP_DISTRICT (ID, NAME, ID_PROVINCE) VALUES (793,'PAUCARA',81);
INSERT INTO BCP_DISTRICT (ID, NAME, ID_PROVINCE) VALUES (794,'POMACOCHA',81);
INSERT INTO BCP_DISTRICT (ID, NAME, ID_PROVINCE) VALUES (795,'ROSARIO',81);
INSERT INTO BCP_DISTRICT (ID, NAME, ID_PROVINCE) VALUES (796,'ANCHONGA',82);
INSERT INTO BCP_DISTRICT (ID, NAME, ID_PROVINCE) VALUES (797,'CALLANMARCA',82);
INSERT INTO BCP_DISTRICT (ID, NAME, ID_PROVINCE) VALUES (798,'CCOCHACCASA',82);
INSERT INTO BCP_DISTRICT (ID, NAME, ID_PROVINCE) VALUES (799,'CHINCHO',82);
INSERT INTO BCP_DISTRICT (ID, NAME, ID_PROVINCE) VALUES (800,'CONGALLA',82);
INSERT INTO BCP_DISTRICT (ID, NAME, ID_PROVINCE) VALUES (801,'HUANCA-HUANCA',82);
INSERT INTO BCP_DISTRICT (ID, NAME, ID_PROVINCE) VALUES (802,'HUAYLLAY GRANDE',82);
INSERT INTO BCP_DISTRICT (ID, NAME, ID_PROVINCE) VALUES (803,'JULCAMARCA',82);
INSERT INTO BCP_DISTRICT (ID, NAME, ID_PROVINCE) VALUES (804,'LIRCAY',82);
INSERT INTO BCP_DISTRICT (ID, NAME, ID_PROVINCE) VALUES (805,'SAN ANTONIO DE ANTAP',82);
INSERT INTO BCP_DISTRICT (ID, NAME, ID_PROVINCE) VALUES (806,'SANTO TOMAS DE PATA',82);
INSERT INTO BCP_DISTRICT (ID, NAME, ID_PROVINCE) VALUES (807,'SECCLLA',82);
INSERT INTO BCP_DISTRICT (ID, NAME, ID_PROVINCE) VALUES (808,'ARMA',83);
INSERT INTO BCP_DISTRICT (ID, NAME, ID_PROVINCE) VALUES (809,'AURAHUA',83);
INSERT INTO BCP_DISTRICT (ID, NAME, ID_PROVINCE) VALUES (810,'CAPILLAS',83);
INSERT INTO BCP_DISTRICT (ID, NAME, ID_PROVINCE) VALUES (811,'CASTROVIRREYNA',83);
INSERT INTO BCP_DISTRICT (ID, NAME, ID_PROVINCE) VALUES (812,'CHUPAMARCA',83);
INSERT INTO BCP_DISTRICT (ID, NAME, ID_PROVINCE) VALUES (813,'COCAS',83);
INSERT INTO BCP_DISTRICT (ID, NAME, ID_PROVINCE) VALUES (814,'HUACHOS',83);
INSERT INTO BCP_DISTRICT (ID, NAME, ID_PROVINCE) VALUES (815,'HUAMATAMBO',83);
INSERT INTO BCP_DISTRICT (ID, NAME, ID_PROVINCE) VALUES (816,'MOLLEPAMPA',83);
INSERT INTO BCP_DISTRICT (ID, NAME, ID_PROVINCE) VALUES (817,'SAN JUAN',83);
INSERT INTO BCP_DISTRICT (ID, NAME, ID_PROVINCE) VALUES (818,'SANTA ANA',83);
INSERT INTO BCP_DISTRICT (ID, NAME, ID_PROVINCE) VALUES (819,'TANTARA',83);
INSERT INTO BCP_DISTRICT (ID, NAME, ID_PROVINCE) VALUES (820,'TICRAPO',83);
INSERT INTO BCP_DISTRICT (ID, NAME, ID_PROVINCE) VALUES (821,'ANCO',84);
INSERT INTO BCP_DISTRICT (ID, NAME, ID_PROVINCE) VALUES (822,'CHINCHIHUASI',84);
INSERT INTO BCP_DISTRICT (ID, NAME, ID_PROVINCE) VALUES (823,'CHURCAMPA',84);
INSERT INTO BCP_DISTRICT (ID, NAME, ID_PROVINCE) VALUES (824,'EL CARMEN',84);
INSERT INTO BCP_DISTRICT (ID, NAME, ID_PROVINCE) VALUES (825,'LA MERCED',84);
INSERT INTO BCP_DISTRICT (ID, NAME, ID_PROVINCE) VALUES (826,'LOCROJA',84);
INSERT INTO BCP_DISTRICT (ID, NAME, ID_PROVINCE) VALUES (827,'PACHAMARCA',84);
INSERT INTO BCP_DISTRICT (ID, NAME, ID_PROVINCE) VALUES (828,'PAUCARBAMBA',84);
INSERT INTO BCP_DISTRICT (ID, NAME, ID_PROVINCE) VALUES (829,'SAN MIGUEL DE MAYOCC',84);
INSERT INTO BCP_DISTRICT (ID, NAME, ID_PROVINCE) VALUES (830,'SAN PEDRO DE CORIS',84);
INSERT INTO BCP_DISTRICT (ID, NAME, ID_PROVINCE) VALUES (831,'ACOBAMBILLA',85);
INSERT INTO BCP_DISTRICT (ID, NAME, ID_PROVINCE) VALUES (832,'ACORIA',85);
INSERT INTO BCP_DISTRICT (ID, NAME, ID_PROVINCE) VALUES (833,'CONAYCA',85);
INSERT INTO BCP_DISTRICT (ID, NAME, ID_PROVINCE) VALUES (834,'CUENCA',85);
INSERT INTO BCP_DISTRICT (ID, NAME, ID_PROVINCE) VALUES (835,'HUACHOCOLPA',85);
INSERT INTO BCP_DISTRICT (ID, NAME, ID_PROVINCE) VALUES (836,'HUANCAVELICA',85);
INSERT INTO BCP_DISTRICT (ID, NAME, ID_PROVINCE) VALUES (837,'HUAYLLAHUARA',85);
INSERT INTO BCP_DISTRICT (ID, NAME, ID_PROVINCE) VALUES (838,'IZCUCHACA',85);
INSERT INTO BCP_DISTRICT (ID, NAME, ID_PROVINCE) VALUES (839,'LARIA',85);
INSERT INTO BCP_DISTRICT (ID, NAME, ID_PROVINCE) VALUES (840,'MANTA',85);
INSERT INTO BCP_DISTRICT (ID, NAME, ID_PROVINCE) VALUES (841,'MARISCAL CACERES',85);
INSERT INTO BCP_DISTRICT (ID, NAME, ID_PROVINCE) VALUES (842,'MOYA',85);
INSERT INTO BCP_DISTRICT (ID, NAME, ID_PROVINCE) VALUES (843,'NUEVO OCCORO',85);
INSERT INTO BCP_DISTRICT (ID, NAME, ID_PROVINCE) VALUES (844,'PALCA',85);
INSERT INTO BCP_DISTRICT (ID, NAME, ID_PROVINCE) VALUES (845,'PILCHACA',85);
INSERT INTO BCP_DISTRICT (ID, NAME, ID_PROVINCE) VALUES (846,'VILCA',85);
INSERT INTO BCP_DISTRICT (ID, NAME, ID_PROVINCE) VALUES (847,'YAULI',85);
INSERT INTO BCP_DISTRICT (ID, NAME, ID_PROVINCE) VALUES (848,'AYAVI',86);
INSERT INTO BCP_DISTRICT (ID, NAME, ID_PROVINCE) VALUES (849,'CORDOVA',86);
INSERT INTO BCP_DISTRICT (ID, NAME, ID_PROVINCE) VALUES (850,'HUAYACUNDO ARMA',86);
INSERT INTO BCP_DISTRICT (ID, NAME, ID_PROVINCE) VALUES (851,'HUAYTARA',86);
INSERT INTO BCP_DISTRICT (ID, NAME, ID_PROVINCE) VALUES (852,'LARAMARCA',86);
INSERT INTO BCP_DISTRICT (ID, NAME, ID_PROVINCE) VALUES (853,'OCOYO',86);
INSERT INTO BCP_DISTRICT (ID, NAME, ID_PROVINCE) VALUES (854,'PILPICHACA',86);
INSERT INTO BCP_DISTRICT (ID, NAME, ID_PROVINCE) VALUES (855,'QUERCO',86);
INSERT INTO BCP_DISTRICT (ID, NAME, ID_PROVINCE) VALUES (856,'QUITO-ARMA',86);
INSERT INTO BCP_DISTRICT (ID, NAME, ID_PROVINCE) VALUES (857,'SAN ANTONIO DE CUSIC',86);
INSERT INTO BCP_DISTRICT (ID, NAME, ID_PROVINCE) VALUES (858,'SAN FRANCISCO DE SAN',86);
INSERT INTO BCP_DISTRICT (ID, NAME, ID_PROVINCE) VALUES (859,'SAN ISIDRO',86);
INSERT INTO BCP_DISTRICT (ID, NAME, ID_PROVINCE) VALUES (860,'SANTIAGO DE CHOCORVO',86);
INSERT INTO BCP_DISTRICT (ID, NAME, ID_PROVINCE) VALUES (861,'SANTIAGO DE QUIRAHUA',86);
INSERT INTO BCP_DISTRICT (ID, NAME, ID_PROVINCE) VALUES (862,'SANTO DOMINGO DE CAP',86);
INSERT INTO BCP_DISTRICT (ID, NAME, ID_PROVINCE) VALUES (863,'TAMBO',86);
INSERT INTO BCP_DISTRICT (ID, NAME, ID_PROVINCE) VALUES (864,'ACOSTAMBO',87);
INSERT INTO BCP_DISTRICT (ID, NAME, ID_PROVINCE) VALUES (865,'ACRAQUIA',87);
INSERT INTO BCP_DISTRICT (ID, NAME, ID_PROVINCE) VALUES (866,'AHUAYCHA',87);
INSERT INTO BCP_DISTRICT (ID, NAME, ID_PROVINCE) VALUES (867,'COLCABAMBA',87);
INSERT INTO BCP_DISTRICT (ID, NAME, ID_PROVINCE) VALUES (868,'-AHUIMPUQUIO',87);
INSERT INTO BCP_DISTRICT (ID, NAME, ID_PROVINCE) VALUES (869,'DANIEL HERNANDEZ',87);
INSERT INTO BCP_DISTRICT (ID, NAME, ID_PROVINCE) VALUES (870,'HUACHOCOLPA',87);
INSERT INTO BCP_DISTRICT (ID, NAME, ID_PROVINCE) VALUES (871,'HUANDO',87);
INSERT INTO BCP_DISTRICT (ID, NAME, ID_PROVINCE) VALUES (872,'HUARIBAMBA',87);
INSERT INTO BCP_DISTRICT (ID, NAME, ID_PROVINCE) VALUES (873,'PAMPAS',87);
INSERT INTO BCP_DISTRICT (ID, NAME, ID_PROVINCE) VALUES (874,'PAZOS',87);
INSERT INTO BCP_DISTRICT (ID, NAME, ID_PROVINCE) VALUES (875,'QUISHUAR',87);
INSERT INTO BCP_DISTRICT (ID, NAME, ID_PROVINCE) VALUES (876,'SALCABAMBA',87);
INSERT INTO BCP_DISTRICT (ID, NAME, ID_PROVINCE) VALUES (877,'SALCAHUASI',87);
INSERT INTO BCP_DISTRICT (ID, NAME, ID_PROVINCE) VALUES (878,'SAN MARCOS DE ROCCHA',87);
INSERT INTO BCP_DISTRICT (ID, NAME, ID_PROVINCE) VALUES (879,'SURCUBAMBA',87);
INSERT INTO BCP_DISTRICT (ID, NAME, ID_PROVINCE) VALUES (880,'TINTAY PUNCU',87);
INSERT INTO BCP_DISTRICT (ID, NAME, ID_PROVINCE) VALUES (881,'AMBO',88);
INSERT INTO BCP_DISTRICT (ID, NAME, ID_PROVINCE) VALUES (882,'CAYNA',88);
INSERT INTO BCP_DISTRICT (ID, NAME, ID_PROVINCE) VALUES (883,'COLPAS',88);
INSERT INTO BCP_DISTRICT (ID, NAME, ID_PROVINCE) VALUES (884,'CONCHAMARCA',88);
INSERT INTO BCP_DISTRICT (ID, NAME, ID_PROVINCE) VALUES (885,'HUACAR',88);
INSERT INTO BCP_DISTRICT (ID, NAME, ID_PROVINCE) VALUES (886,'SAN FRANCISCO',88);
INSERT INTO BCP_DISTRICT (ID, NAME, ID_PROVINCE) VALUES (887,'SAN RAFAEL',88);
INSERT INTO BCP_DISTRICT (ID, NAME, ID_PROVINCE) VALUES (888,'TOMAY KICHWA',88);
INSERT INTO BCP_DISTRICT (ID, NAME, ID_PROVINCE) VALUES (889,'CHUQUIS',89);
INSERT INTO BCP_DISTRICT (ID, NAME, ID_PROVINCE) VALUES (890,'LA UNION',89);
INSERT INTO BCP_DISTRICT (ID, NAME, ID_PROVINCE) VALUES (891,'MARIAS',89);
INSERT INTO BCP_DISTRICT (ID, NAME, ID_PROVINCE) VALUES (892,'PACHAS',89);
INSERT INTO BCP_DISTRICT (ID, NAME, ID_PROVINCE) VALUES (893,'QUIVILLA',89);
INSERT INTO BCP_DISTRICT (ID, NAME, ID_PROVINCE) VALUES (894,'RIPAN',89);
INSERT INTO BCP_DISTRICT (ID, NAME, ID_PROVINCE) VALUES (895,'SHUNQUI',89);
INSERT INTO BCP_DISTRICT (ID, NAME, ID_PROVINCE) VALUES (896,'SILLAPATA',89);
INSERT INTO BCP_DISTRICT (ID, NAME, ID_PROVINCE) VALUES (897,'YANAS',89);
INSERT INTO BCP_DISTRICT (ID, NAME, ID_PROVINCE) VALUES (898,'CANCHABAMBA',90);
INSERT INTO BCP_DISTRICT (ID, NAME, ID_PROVINCE) VALUES (899,'COCHABAMBA',90);
INSERT INTO BCP_DISTRICT (ID, NAME, ID_PROVINCE) VALUES (900,'HUACAYBAMBA',90);
INSERT INTO BCP_DISTRICT (ID, NAME, ID_PROVINCE) VALUES (901,'PINRA',90);
INSERT INTO BCP_DISTRICT (ID, NAME, ID_PROVINCE) VALUES (902,'ARANCAY',91);
INSERT INTO BCP_DISTRICT (ID, NAME, ID_PROVINCE) VALUES (903,'CHAVIN DE PARIARCA',91);
INSERT INTO BCP_DISTRICT (ID, NAME, ID_PROVINCE) VALUES (904,'JACAS GRANDE',91);
INSERT INTO BCP_DISTRICT (ID, NAME, ID_PROVINCE) VALUES (905,'JIRCAN',91);
INSERT INTO BCP_DISTRICT (ID, NAME, ID_PROVINCE) VALUES (906,'LLATA',91);
INSERT INTO BCP_DISTRICT (ID, NAME, ID_PROVINCE) VALUES (907,'MIRAFLORES',91);
INSERT INTO BCP_DISTRICT (ID, NAME, ID_PROVINCE) VALUES (908,'MONZON',91);
INSERT INTO BCP_DISTRICT (ID, NAME, ID_PROVINCE) VALUES (909,'PU-OS',91);
INSERT INTO BCP_DISTRICT (ID, NAME, ID_PROVINCE) VALUES (910,'PUNCHAO',91);
INSERT INTO BCP_DISTRICT (ID, NAME, ID_PROVINCE) VALUES (911,'SINGA',91);
INSERT INTO BCP_DISTRICT (ID, NAME, ID_PROVINCE) VALUES (912,'TANTAMAYO',91);
INSERT INTO BCP_DISTRICT (ID, NAME, ID_PROVINCE) VALUES (913,'AMARILIS',92);
INSERT INTO BCP_DISTRICT (ID, NAME, ID_PROVINCE) VALUES (914,'CHINCHAO',92);
INSERT INTO BCP_DISTRICT (ID, NAME, ID_PROVINCE) VALUES (915,'CHURUBAMBA',92);
INSERT INTO BCP_DISTRICT (ID, NAME, ID_PROVINCE) VALUES (916,'HUANUCO',92);
INSERT INTO BCP_DISTRICT (ID, NAME, ID_PROVINCE) VALUES (917,'MARGOS',92);
INSERT INTO BCP_DISTRICT (ID, NAME, ID_PROVINCE) VALUES (918,'QUISQUI',92);
INSERT INTO BCP_DISTRICT (ID, NAME, ID_PROVINCE) VALUES (919,'SAN FRANCISCO DE CAY',92);
INSERT INTO BCP_DISTRICT (ID, NAME, ID_PROVINCE) VALUES (920,'SAN PEDRO DE CHAULAN',92);
INSERT INTO BCP_DISTRICT (ID, NAME, ID_PROVINCE) VALUES (921,'SANTA MARIA DEL VALL',92);
INSERT INTO BCP_DISTRICT (ID, NAME, ID_PROVINCE) VALUES (922,'YARUMAYO',92);
INSERT INTO BCP_DISTRICT (ID, NAME, ID_PROVINCE) VALUES (923,'BA-OS',93);
INSERT INTO BCP_DISTRICT (ID, NAME, ID_PROVINCE) VALUES (924,'JESUS',93);
INSERT INTO BCP_DISTRICT (ID, NAME, ID_PROVINCE) VALUES (925,'JIVIA',93);
INSERT INTO BCP_DISTRICT (ID, NAME, ID_PROVINCE) VALUES (926,'QUEROPALCA',93);
INSERT INTO BCP_DISTRICT (ID, NAME, ID_PROVINCE) VALUES (927,'RONDOS',93);
INSERT INTO BCP_DISTRICT (ID, NAME, ID_PROVINCE) VALUES (928,'SAN FRANCISCO DE ASI',93);
INSERT INTO BCP_DISTRICT (ID, NAME, ID_PROVINCE) VALUES (929,'SAN MIGUEL DE CAURI',93);
INSERT INTO BCP_DISTRICT (ID, NAME, ID_PROVINCE) VALUES (930,'DANIEL ALOMIAS ROBLE',94);
INSERT INTO BCP_DISTRICT (ID, NAME, ID_PROVINCE) VALUES (931,'HERMILIO VALDIZAN',94);
INSERT INTO BCP_DISTRICT (ID, NAME, ID_PROVINCE) VALUES (932,'JOSE CRESPO Y CASTIL',94);
INSERT INTO BCP_DISTRICT (ID, NAME, ID_PROVINCE) VALUES (933,'LUYANDO',94);
INSERT INTO BCP_DISTRICT (ID, NAME, ID_PROVINCE) VALUES (934,'MARIANO DAMASO BERAU',94);
INSERT INTO BCP_DISTRICT (ID, NAME, ID_PROVINCE) VALUES (935,'RUPA-RUPA',94);
INSERT INTO BCP_DISTRICT (ID, NAME, ID_PROVINCE) VALUES (936,'CHOLON',95);
INSERT INTO BCP_DISTRICT (ID, NAME, ID_PROVINCE) VALUES (937,'HUACRACHUCO',95);
INSERT INTO BCP_DISTRICT (ID, NAME, ID_PROVINCE) VALUES (938,'SAN BUENAVENTURA',95);
INSERT INTO BCP_DISTRICT (ID, NAME, ID_PROVINCE) VALUES (939,'CHAGLLA',96);
INSERT INTO BCP_DISTRICT (ID, NAME, ID_PROVINCE) VALUES (940,'MOLINO',96);
INSERT INTO BCP_DISTRICT (ID, NAME, ID_PROVINCE) VALUES (941,'PANAO',96);
INSERT INTO BCP_DISTRICT (ID, NAME, ID_PROVINCE) VALUES (942,'UMARI',96);
INSERT INTO BCP_DISTRICT (ID, NAME, ID_PROVINCE) VALUES (943,'CODO DEL POZUZO',97);
INSERT INTO BCP_DISTRICT (ID, NAME, ID_PROVINCE) VALUES (944,'HONORIA',97);
INSERT INTO BCP_DISTRICT (ID, NAME, ID_PROVINCE) VALUES (945,'PUERTO INCA',97);
INSERT INTO BCP_DISTRICT (ID, NAME, ID_PROVINCE) VALUES (946,'TOURNAVISTA',97);
INSERT INTO BCP_DISTRICT (ID, NAME, ID_PROVINCE) VALUES (947,'YUYAPICHIS',97);
INSERT INTO BCP_DISTRICT (ID, NAME, ID_PROVINCE) VALUES (948,'CAHUAC',98);
INSERT INTO BCP_DISTRICT (ID, NAME, ID_PROVINCE) VALUES (949,'CHACABAMBA',98);
INSERT INTO BCP_DISTRICT (ID, NAME, ID_PROVINCE) VALUES (950,'CHAVINILLO',98);
INSERT INTO BCP_DISTRICT (ID, NAME, ID_PROVINCE) VALUES (951,'CHUPAN',98);
INSERT INTO BCP_DISTRICT (ID, NAME, ID_PROVINCE) VALUES (952,'JACAS CHICO',98);
INSERT INTO BCP_DISTRICT (ID, NAME, ID_PROVINCE) VALUES (953,'OBAS',98);
INSERT INTO BCP_DISTRICT (ID, NAME, ID_PROVINCE) VALUES (954,'PAMPAMARCA',98);
INSERT INTO BCP_DISTRICT (ID, NAME, ID_PROVINCE) VALUES (955,'ALTO LARAN',99);
INSERT INTO BCP_DISTRICT (ID, NAME, ID_PROVINCE) VALUES (956,'CHAVIN',99);
INSERT INTO BCP_DISTRICT (ID, NAME, ID_PROVINCE) VALUES (957,'CHINCHA ALTA',99);
INSERT INTO BCP_DISTRICT (ID, NAME, ID_PROVINCE) VALUES (958,'CHINCHA BAJA',99);
INSERT INTO BCP_DISTRICT (ID, NAME, ID_PROVINCE) VALUES (959,'EL CARMEN',99);
INSERT INTO BCP_DISTRICT (ID, NAME, ID_PROVINCE) VALUES (960,'GROCIO PRADO',99);
INSERT INTO BCP_DISTRICT (ID, NAME, ID_PROVINCE) VALUES (961,'PUEBLO NUEVO',99);
INSERT INTO BCP_DISTRICT (ID, NAME, ID_PROVINCE) VALUES (962,'SAN JUAN DE YANAC',99);
INSERT INTO BCP_DISTRICT (ID, NAME, ID_PROVINCE) VALUES (963,'SAN PEDRO DE HUACARP',99);
INSERT INTO BCP_DISTRICT (ID, NAME, ID_PROVINCE) VALUES (964,'SUNAMPE',99);
INSERT INTO BCP_DISTRICT (ID, NAME, ID_PROVINCE) VALUES (965,'TAMBO DE MORA',99);
INSERT INTO BCP_DISTRICT (ID, NAME, ID_PROVINCE) VALUES (966,'ICA',100);
INSERT INTO BCP_DISTRICT (ID, NAME, ID_PROVINCE) VALUES (967,'LA TINGUI-A',100);
INSERT INTO BCP_DISTRICT (ID, NAME, ID_PROVINCE) VALUES (968,'LOS AQUIJES',100);
INSERT INTO BCP_DISTRICT (ID, NAME, ID_PROVINCE) VALUES (969,'OCUCAJE',100);
INSERT INTO BCP_DISTRICT (ID, NAME, ID_PROVINCE) VALUES (970,'PACHACUTEC',100);
INSERT INTO BCP_DISTRICT (ID, NAME, ID_PROVINCE) VALUES (971,'PARCONA',100);
INSERT INTO BCP_DISTRICT (ID, NAME, ID_PROVINCE) VALUES (972,'PUEBLO NUEVO',100);
INSERT INTO BCP_DISTRICT (ID, NAME, ID_PROVINCE) VALUES (973,'SALAS',100);
INSERT INTO BCP_DISTRICT (ID, NAME, ID_PROVINCE) VALUES (974,'SAN JOSE DE LOS MOLI',100);
INSERT INTO BCP_DISTRICT (ID, NAME, ID_PROVINCE) VALUES (975,'SAN JUAN BAUTISTA',100);
INSERT INTO BCP_DISTRICT (ID, NAME, ID_PROVINCE) VALUES (976,'SANTIAGO',100);
INSERT INTO BCP_DISTRICT (ID, NAME, ID_PROVINCE) VALUES (977,'SUBTANJALLA',100);
INSERT INTO BCP_DISTRICT (ID, NAME, ID_PROVINCE) VALUES (978,'TATE',100);
INSERT INTO BCP_DISTRICT (ID, NAME, ID_PROVINCE) VALUES (979,'YAUCA DEL ROSARIO',100);
INSERT INTO BCP_DISTRICT (ID, NAME, ID_PROVINCE) VALUES (980,'CHANGUILLO',101);
INSERT INTO BCP_DISTRICT (ID, NAME, ID_PROVINCE) VALUES (981,'EL INGENIO',101);
INSERT INTO BCP_DISTRICT (ID, NAME, ID_PROVINCE) VALUES (982,'MARCONA',101);
INSERT INTO BCP_DISTRICT (ID, NAME, ID_PROVINCE) VALUES (983,'NAZCA',101);
INSERT INTO BCP_DISTRICT (ID, NAME, ID_PROVINCE) VALUES (984,'VISTA ALEGRE',101);
INSERT INTO BCP_DISTRICT (ID, NAME, ID_PROVINCE) VALUES (985,'LLIPATA',102);
INSERT INTO BCP_DISTRICT (ID, NAME, ID_PROVINCE) VALUES (986,'PALPA',102);
INSERT INTO BCP_DISTRICT (ID, NAME, ID_PROVINCE) VALUES (987,'RIO GRANDE',102);
INSERT INTO BCP_DISTRICT (ID, NAME, ID_PROVINCE) VALUES (988,'SANTA CRUZ',102);
INSERT INTO BCP_DISTRICT (ID, NAME, ID_PROVINCE) VALUES (989,'TIBILLO',102);
INSERT INTO BCP_DISTRICT (ID, NAME, ID_PROVINCE) VALUES (990,'HUANCANO',103);
INSERT INTO BCP_DISTRICT (ID, NAME, ID_PROVINCE) VALUES (991,'HUMAY',103);
INSERT INTO BCP_DISTRICT (ID, NAME, ID_PROVINCE) VALUES (992,'INDEPENDENCIA',103);
INSERT INTO BCP_DISTRICT (ID, NAME, ID_PROVINCE) VALUES (993,'PARACAS',103);
INSERT INTO BCP_DISTRICT (ID, NAME, ID_PROVINCE) VALUES (994,'PISCO',103);
INSERT INTO BCP_DISTRICT (ID, NAME, ID_PROVINCE) VALUES (995,'SAN ANDRES',103);
INSERT INTO BCP_DISTRICT (ID, NAME, ID_PROVINCE) VALUES (996,'SAN CLEMENTE',103);
INSERT INTO BCP_DISTRICT (ID, NAME, ID_PROVINCE) VALUES (997,'TUPAC AMARU INCA',103);
INSERT INTO BCP_DISTRICT (ID, NAME, ID_PROVINCE) VALUES (998,'CHANCHAMAYO',104);
INSERT INTO BCP_DISTRICT (ID, NAME, ID_PROVINCE) VALUES (999,'PERENE',104);
INSERT INTO BCP_DISTRICT (ID, NAME, ID_PROVINCE) VALUES (1000,'PICHANAQUI',104);
INSERT INTO BCP_DISTRICT (ID, NAME, ID_PROVINCE) VALUES (1001,'SAN LUIS DE SHUARO',104);
INSERT INTO BCP_DISTRICT (ID, NAME, ID_PROVINCE) VALUES (1002,'SAN RAMON',104);
INSERT INTO BCP_DISTRICT (ID, NAME, ID_PROVINCE) VALUES (1003,'VITOC',104);
INSERT INTO BCP_DISTRICT (ID, NAME, ID_PROVINCE) VALUES (1004,'3 DE DICIEMBRE',105);
INSERT INTO BCP_DISTRICT (ID, NAME, ID_PROVINCE) VALUES (1005,'AHUAC',105);
INSERT INTO BCP_DISTRICT (ID, NAME, ID_PROVINCE) VALUES (1006,'CHONGOS BAJO',105);
INSERT INTO BCP_DISTRICT (ID, NAME, ID_PROVINCE) VALUES (1007,'CHUPACA',105);
INSERT INTO BCP_DISTRICT (ID, NAME, ID_PROVINCE) VALUES (1008,'HUACHAC',105);
INSERT INTO BCP_DISTRICT (ID, NAME, ID_PROVINCE) VALUES (1009,'HUAMANCACA CHICO',105);
INSERT INTO BCP_DISTRICT (ID, NAME, ID_PROVINCE) VALUES (1010,'SAN JUAN DE ISCOS',105);
INSERT INTO BCP_DISTRICT (ID, NAME, ID_PROVINCE) VALUES (1011,'SAN JUAN DE JARPA',105);
INSERT INTO BCP_DISTRICT (ID, NAME, ID_PROVINCE) VALUES (1012,'YANACANCHA',105);
INSERT INTO BCP_DISTRICT (ID, NAME, ID_PROVINCE) VALUES (1013,'ACO',106);
INSERT INTO BCP_DISTRICT (ID, NAME, ID_PROVINCE) VALUES (1014,'ANDAMARCA',106);
INSERT INTO BCP_DISTRICT (ID, NAME, ID_PROVINCE) VALUES (1015,'CHAMBARA',106);
INSERT INTO BCP_DISTRICT (ID, NAME, ID_PROVINCE) VALUES (1016,'COCHAS',106);
INSERT INTO BCP_DISTRICT (ID, NAME, ID_PROVINCE) VALUES (1017,'COMAS',106);
INSERT INTO BCP_DISTRICT (ID, NAME, ID_PROVINCE) VALUES (1018,'CONCEPCION',106);
INSERT INTO BCP_DISTRICT (ID, NAME, ID_PROVINCE) VALUES (1019,'HEROINAS TOLEDO',106);
INSERT INTO BCP_DISTRICT (ID, NAME, ID_PROVINCE) VALUES (1020,'MANZANARES',106);
INSERT INTO BCP_DISTRICT (ID, NAME, ID_PROVINCE) VALUES (1021,'MARISCAL CASTILLA',106);
INSERT INTO BCP_DISTRICT (ID, NAME, ID_PROVINCE) VALUES (1022,'MATAHUASI',106);
INSERT INTO BCP_DISTRICT (ID, NAME, ID_PROVINCE) VALUES (1023,'MITO',106);
INSERT INTO BCP_DISTRICT (ID, NAME, ID_PROVINCE) VALUES (1024,'NUEVE DE JULIO',106);
INSERT INTO BCP_DISTRICT (ID, NAME, ID_PROVINCE) VALUES (1025,'ORCOTUNA',106);
INSERT INTO BCP_DISTRICT (ID, NAME, ID_PROVINCE) VALUES (1026,'SAN JOSE DE QUERO',106);
INSERT INTO BCP_DISTRICT (ID, NAME, ID_PROVINCE) VALUES (1027,'SANTA ROSA DE OCOPA',106);
INSERT INTO BCP_DISTRICT (ID, NAME, ID_PROVINCE) VALUES (1028,'CARHUACALLANGA',107);
INSERT INTO BCP_DISTRICT (ID, NAME, ID_PROVINCE) VALUES (1029,'CHACAPAMPA',107);
INSERT INTO BCP_DISTRICT (ID, NAME, ID_PROVINCE) VALUES (1030,'CHICCHE',107);
INSERT INTO BCP_DISTRICT (ID, NAME, ID_PROVINCE) VALUES (1031,'CHILCA',107);
INSERT INTO BCP_DISTRICT (ID, NAME, ID_PROVINCE) VALUES (1032,'CHONGOS ALTO',107);
INSERT INTO BCP_DISTRICT (ID, NAME, ID_PROVINCE) VALUES (1033,'CHUPURO',107);
INSERT INTO BCP_DISTRICT (ID, NAME, ID_PROVINCE) VALUES (1034,'COLCA',107);
INSERT INTO BCP_DISTRICT (ID, NAME, ID_PROVINCE) VALUES (1035,'CULLHUAS',107);
INSERT INTO BCP_DISTRICT (ID, NAME, ID_PROVINCE) VALUES (1036,'EL TAMBO',107);
INSERT INTO BCP_DISTRICT (ID, NAME, ID_PROVINCE) VALUES (1037,'HUACRAPUQUIO',107);
INSERT INTO BCP_DISTRICT (ID, NAME, ID_PROVINCE) VALUES (1038,'HUALHUAS',107);
INSERT INTO BCP_DISTRICT (ID, NAME, ID_PROVINCE) VALUES (1039,'HUANCAN',107);
INSERT INTO BCP_DISTRICT (ID, NAME, ID_PROVINCE) VALUES (1040,'HUANCAYO',107);
INSERT INTO BCP_DISTRICT (ID, NAME, ID_PROVINCE) VALUES (1041,'HUASICANCHA',107);
INSERT INTO BCP_DISTRICT (ID, NAME, ID_PROVINCE) VALUES (1042,'HUAYUCACHI',107);
INSERT INTO BCP_DISTRICT (ID, NAME, ID_PROVINCE) VALUES (1043,'INGENIO',107);
INSERT INTO BCP_DISTRICT (ID, NAME, ID_PROVINCE) VALUES (1044,'PARIAHUANCA',107);
INSERT INTO BCP_DISTRICT (ID, NAME, ID_PROVINCE) VALUES (1045,'PILCOMAYO',107);
INSERT INTO BCP_DISTRICT (ID, NAME, ID_PROVINCE) VALUES (1046,'PUCARA',107);
INSERT INTO BCP_DISTRICT (ID, NAME, ID_PROVINCE) VALUES (1047,'QUICHUAY',107);
INSERT INTO BCP_DISTRICT (ID, NAME, ID_PROVINCE) VALUES (1048,'QUILCAS',107);
INSERT INTO BCP_DISTRICT (ID, NAME, ID_PROVINCE) VALUES (1049,'SA-O',107);
INSERT INTO BCP_DISTRICT (ID, NAME, ID_PROVINCE) VALUES (1050,'SAN AGUSTIN',107);
INSERT INTO BCP_DISTRICT (ID, NAME, ID_PROVINCE) VALUES (1051,'SAN JERONIMO DE TUNA',107);
INSERT INTO BCP_DISTRICT (ID, NAME, ID_PROVINCE) VALUES (1052,'SANTO DOMINGO DE ACO',107);
INSERT INTO BCP_DISTRICT (ID, NAME, ID_PROVINCE) VALUES (1053,'SAPALLANGA',107);
INSERT INTO BCP_DISTRICT (ID, NAME, ID_PROVINCE) VALUES (1054,'SICAYA',107);
INSERT INTO BCP_DISTRICT (ID, NAME, ID_PROVINCE) VALUES (1055,'VIQUES',107);
INSERT INTO BCP_DISTRICT (ID, NAME, ID_PROVINCE) VALUES (1056,'ACOLLA',108);
INSERT INTO BCP_DISTRICT (ID, NAME, ID_PROVINCE) VALUES (1057,'APATA',108);
INSERT INTO BCP_DISTRICT (ID, NAME, ID_PROVINCE) VALUES (1058,'ATAURA',108);
INSERT INTO BCP_DISTRICT (ID, NAME, ID_PROVINCE) VALUES (1059,'CANCHAYLLO',108);
INSERT INTO BCP_DISTRICT (ID, NAME, ID_PROVINCE) VALUES (1060,'CURICACA',108);
INSERT INTO BCP_DISTRICT (ID, NAME, ID_PROVINCE) VALUES (1061,'EL MANTARO',108);
INSERT INTO BCP_DISTRICT (ID, NAME, ID_PROVINCE) VALUES (1062,'HUAMALI',108);
INSERT INTO BCP_DISTRICT (ID, NAME, ID_PROVINCE) VALUES (1063,'HUARIPAMPA',108);
INSERT INTO BCP_DISTRICT (ID, NAME, ID_PROVINCE) VALUES (1064,'HUERTAS',108);
INSERT INTO BCP_DISTRICT (ID, NAME, ID_PROVINCE) VALUES (1065,'JANJAILLO',108);
INSERT INTO BCP_DISTRICT (ID, NAME, ID_PROVINCE) VALUES (1066,'JAUJA',108);
INSERT INTO BCP_DISTRICT (ID, NAME, ID_PROVINCE) VALUES (1067,'JULCAN',108);
INSERT INTO BCP_DISTRICT (ID, NAME, ID_PROVINCE) VALUES (1068,'LEONOR ORDO-EZ',108);
INSERT INTO BCP_DISTRICT (ID, NAME, ID_PROVINCE) VALUES (1069,'LLOCLLAPAMPA',108);
INSERT INTO BCP_DISTRICT (ID, NAME, ID_PROVINCE) VALUES (1070,'MARCO',108);
INSERT INTO BCP_DISTRICT (ID, NAME, ID_PROVINCE) VALUES (1071,'MASMA',108);
INSERT INTO BCP_DISTRICT (ID, NAME, ID_PROVINCE) VALUES (1072,'MASMA CHICCHE',108);
INSERT INTO BCP_DISTRICT (ID, NAME, ID_PROVINCE) VALUES (1073,'MOLINOS',108);
INSERT INTO BCP_DISTRICT (ID, NAME, ID_PROVINCE) VALUES (1074,'MONOBAMBA',108);
INSERT INTO BCP_DISTRICT (ID, NAME, ID_PROVINCE) VALUES (1075,'MUQUI',108);
INSERT INTO BCP_DISTRICT (ID, NAME, ID_PROVINCE) VALUES (1076,'MUQUIYAUYO',108);
INSERT INTO BCP_DISTRICT (ID, NAME, ID_PROVINCE) VALUES (1077,'PACA',108);
INSERT INTO BCP_DISTRICT (ID, NAME, ID_PROVINCE) VALUES (1078,'PACCHA',108);
INSERT INTO BCP_DISTRICT (ID, NAME, ID_PROVINCE) VALUES (1079,'PANCAN',108);
INSERT INTO BCP_DISTRICT (ID, NAME, ID_PROVINCE) VALUES (1080,'PARCO',108);
INSERT INTO BCP_DISTRICT (ID, NAME, ID_PROVINCE) VALUES (1081,'POMACANCHA',108);
INSERT INTO BCP_DISTRICT (ID, NAME, ID_PROVINCE) VALUES (1082,'RICRAN',108);
INSERT INTO BCP_DISTRICT (ID, NAME, ID_PROVINCE) VALUES (1083,'SAN LORENZO',108);
INSERT INTO BCP_DISTRICT (ID, NAME, ID_PROVINCE) VALUES (1084,'SAN PEDRO DE CHUNAN',108);
INSERT INTO BCP_DISTRICT (ID, NAME, ID_PROVINCE) VALUES (1085,'SAUSA',108);
INSERT INTO BCP_DISTRICT (ID, NAME, ID_PROVINCE) VALUES (1086,'SINCOS',108);
INSERT INTO BCP_DISTRICT (ID, NAME, ID_PROVINCE) VALUES (1087,'TUNAN MARCA',108);
INSERT INTO BCP_DISTRICT (ID, NAME, ID_PROVINCE) VALUES (1088,'YAULI',108);
INSERT INTO BCP_DISTRICT (ID, NAME, ID_PROVINCE) VALUES (1089,'YAUYOS',108);
INSERT INTO BCP_DISTRICT (ID, NAME, ID_PROVINCE) VALUES (1090,'CARHUAMAYO',109);
INSERT INTO BCP_DISTRICT (ID, NAME, ID_PROVINCE) VALUES (1091,'JUNIN',109);
INSERT INTO BCP_DISTRICT (ID, NAME, ID_PROVINCE) VALUES (1092,'ONDORES',109);
INSERT INTO BCP_DISTRICT (ID, NAME, ID_PROVINCE) VALUES (1093,'ULCUMAYO',109);
INSERT INTO BCP_DISTRICT (ID, NAME, ID_PROVINCE) VALUES (1094,'COVIRIALI',110);
INSERT INTO BCP_DISTRICT (ID, NAME, ID_PROVINCE) VALUES (1095,'LLAYLLA',110);
INSERT INTO BCP_DISTRICT (ID, NAME, ID_PROVINCE) VALUES (1096,'MAZAMARI',110);
INSERT INTO BCP_DISTRICT (ID, NAME, ID_PROVINCE) VALUES (1097,'PAMPA HERMOSA',110);
INSERT INTO BCP_DISTRICT (ID, NAME, ID_PROVINCE) VALUES (1098,'PANGOA',110);
INSERT INTO BCP_DISTRICT (ID, NAME, ID_PROVINCE) VALUES (1099,'RIO NEGRO',110);
INSERT INTO BCP_DISTRICT (ID, NAME, ID_PROVINCE) VALUES (1100,'RIO TAMBO',110);
INSERT INTO BCP_DISTRICT (ID, NAME, ID_PROVINCE) VALUES (1101,'SATIPO',110);
INSERT INTO BCP_DISTRICT (ID, NAME, ID_PROVINCE) VALUES (1102,'ACOBAMBA',111);
INSERT INTO BCP_DISTRICT (ID, NAME, ID_PROVINCE) VALUES (1103,'HUARICOLCA',111);
INSERT INTO BCP_DISTRICT (ID, NAME, ID_PROVINCE) VALUES (1104,'HUASAHUASI',111);
INSERT INTO BCP_DISTRICT (ID, NAME, ID_PROVINCE) VALUES (1105,'LA UNION',111);
INSERT INTO BCP_DISTRICT (ID, NAME, ID_PROVINCE) VALUES (1106,'PALCA',111);
INSERT INTO BCP_DISTRICT (ID, NAME, ID_PROVINCE) VALUES (1107,'PALCAMAYO',111);
INSERT INTO BCP_DISTRICT (ID, NAME, ID_PROVINCE) VALUES (1108,'SAN PEDRO DE CAJAS',111);
INSERT INTO BCP_DISTRICT (ID, NAME, ID_PROVINCE) VALUES (1109,'TAPO',111);
INSERT INTO BCP_DISTRICT (ID, NAME, ID_PROVINCE) VALUES (1110,'TARMA',111);
INSERT INTO BCP_DISTRICT (ID, NAME, ID_PROVINCE) VALUES (1111,'CHACAPALPA',112);
INSERT INTO BCP_DISTRICT (ID, NAME, ID_PROVINCE) VALUES (1112,'HUAY-HUAY',112);
INSERT INTO BCP_DISTRICT (ID, NAME, ID_PROVINCE) VALUES (1113,'LA OROYA',112);
INSERT INTO BCP_DISTRICT (ID, NAME, ID_PROVINCE) VALUES (1114,'MARCAPOMACOCHA',112);
INSERT INTO BCP_DISTRICT (ID, NAME, ID_PROVINCE) VALUES (1115,'MOROCOCHA',112);
INSERT INTO BCP_DISTRICT (ID, NAME, ID_PROVINCE) VALUES (1116,'PACCHA',112);
INSERT INTO BCP_DISTRICT (ID, NAME, ID_PROVINCE) VALUES (1117,'SANTA BARBARA DE CAR',112);
INSERT INTO BCP_DISTRICT (ID, NAME, ID_PROVINCE) VALUES (1118,'SANTA ROSA DE SACCO',112);
INSERT INTO BCP_DISTRICT (ID, NAME, ID_PROVINCE) VALUES (1119,'SUITUCANCHA',112);
INSERT INTO BCP_DISTRICT (ID, NAME, ID_PROVINCE) VALUES (1120,'YAULI',112);
INSERT INTO BCP_DISTRICT (ID, NAME, ID_PROVINCE) VALUES (1121,'ASCOPE',113);
INSERT INTO BCP_DISTRICT (ID, NAME, ID_PROVINCE) VALUES (1122,'CASA GRANDE',113);
INSERT INTO BCP_DISTRICT (ID, NAME, ID_PROVINCE) VALUES (1123,'CHICAMA',113);
INSERT INTO BCP_DISTRICT (ID, NAME, ID_PROVINCE) VALUES (1124,'CHOCOPE',113);
INSERT INTO BCP_DISTRICT (ID, NAME, ID_PROVINCE) VALUES (1125,'MAGDALENA DE CAO',113);
INSERT INTO BCP_DISTRICT (ID, NAME, ID_PROVINCE) VALUES (1126,'PAIJAN',113);
INSERT INTO BCP_DISTRICT (ID, NAME, ID_PROVINCE) VALUES (1127,'RAZURI',113);
INSERT INTO BCP_DISTRICT (ID, NAME, ID_PROVINCE) VALUES (1128,'SANTIAGO DE CAO',113);
INSERT INTO BCP_DISTRICT (ID, NAME, ID_PROVINCE) VALUES (1129,'BAMBAMARCA',114);
INSERT INTO BCP_DISTRICT (ID, NAME, ID_PROVINCE) VALUES (1130,'BOLIVAR',114);
INSERT INTO BCP_DISTRICT (ID, NAME, ID_PROVINCE) VALUES (1131,'CONDORMARCA',114);
INSERT INTO BCP_DISTRICT (ID, NAME, ID_PROVINCE) VALUES (1132,'LONGOTEA',114);
INSERT INTO BCP_DISTRICT (ID, NAME, ID_PROVINCE) VALUES (1133,'UCHUMARCA',114);
INSERT INTO BCP_DISTRICT (ID, NAME, ID_PROVINCE) VALUES (1134,'UCUNCHA',114);
INSERT INTO BCP_DISTRICT (ID, NAME, ID_PROVINCE) VALUES (1135,'CHEPEN',115);
INSERT INTO BCP_DISTRICT (ID, NAME, ID_PROVINCE) VALUES (1136,'PACANGA',115);
INSERT INTO BCP_DISTRICT (ID, NAME, ID_PROVINCE) VALUES (1137,'PUEBLO NUEVO',115);
INSERT INTO BCP_DISTRICT (ID, NAME, ID_PROVINCE) VALUES (1138,'CASCAS',116);
INSERT INTO BCP_DISTRICT (ID, NAME, ID_PROVINCE) VALUES (1139,'LUCMA',116);
INSERT INTO BCP_DISTRICT (ID, NAME, ID_PROVINCE) VALUES (1140,'MARMOT',116);
INSERT INTO BCP_DISTRICT (ID, NAME, ID_PROVINCE) VALUES (1141,'SAYAPULLO',116);
INSERT INTO BCP_DISTRICT (ID, NAME, ID_PROVINCE) VALUES (1142,'CALAMARCA',117);
INSERT INTO BCP_DISTRICT (ID, NAME, ID_PROVINCE) VALUES (1143,'CARABAMBA',117);
INSERT INTO BCP_DISTRICT (ID, NAME, ID_PROVINCE) VALUES (1144,'HUASO',117);
INSERT INTO BCP_DISTRICT (ID, NAME, ID_PROVINCE) VALUES (1145,'JULCAN',117);
INSERT INTO BCP_DISTRICT (ID, NAME, ID_PROVINCE) VALUES (1146,'AGALLPAMPA',118);
INSERT INTO BCP_DISTRICT (ID, NAME, ID_PROVINCE) VALUES (1147,'CHARAT',118);
INSERT INTO BCP_DISTRICT (ID, NAME, ID_PROVINCE) VALUES (1148,'HUARANCHAL',118);
INSERT INTO BCP_DISTRICT (ID, NAME, ID_PROVINCE) VALUES (1149,'LA CUESTA',118);
INSERT INTO BCP_DISTRICT (ID, NAME, ID_PROVINCE) VALUES (1150,'MACHE',118);
INSERT INTO BCP_DISTRICT (ID, NAME, ID_PROVINCE) VALUES (1151,'OTUZCO',118);
INSERT INTO BCP_DISTRICT (ID, NAME, ID_PROVINCE) VALUES (1152,'PARANDAY',118);
INSERT INTO BCP_DISTRICT (ID, NAME, ID_PROVINCE) VALUES (1153,'SALPO',118);
INSERT INTO BCP_DISTRICT (ID, NAME, ID_PROVINCE) VALUES (1154,'SINSICAP',118);
INSERT INTO BCP_DISTRICT (ID, NAME, ID_PROVINCE) VALUES (1155,'USQUIL',118);
INSERT INTO BCP_DISTRICT (ID, NAME, ID_PROVINCE) VALUES (1156,'GUADALUPE',119);
INSERT INTO BCP_DISTRICT (ID, NAME, ID_PROVINCE) VALUES (1157,'JEQUETEPEQUE',119);
INSERT INTO BCP_DISTRICT (ID, NAME, ID_PROVINCE) VALUES (1158,'PACASMAYO',119);
INSERT INTO BCP_DISTRICT (ID, NAME, ID_PROVINCE) VALUES (1159,'SAN JOSE',119);
INSERT INTO BCP_DISTRICT (ID, NAME, ID_PROVINCE) VALUES (1160,'SAN PEDRO DE LLOC',119);
INSERT INTO BCP_DISTRICT (ID, NAME, ID_PROVINCE) VALUES (1161,'BULDIBUYO',120);
INSERT INTO BCP_DISTRICT (ID, NAME, ID_PROVINCE) VALUES (1162,'CHILLIA',120);
INSERT INTO BCP_DISTRICT (ID, NAME, ID_PROVINCE) VALUES (1163,'HUANCASPATA',120);
INSERT INTO BCP_DISTRICT (ID, NAME, ID_PROVINCE) VALUES (1164,'HUAYLILLAS',120);
INSERT INTO BCP_DISTRICT (ID, NAME, ID_PROVINCE) VALUES (1165,'HUAYO',120);
INSERT INTO BCP_DISTRICT (ID, NAME, ID_PROVINCE) VALUES (1166,'ONGON',120);
INSERT INTO BCP_DISTRICT (ID, NAME, ID_PROVINCE) VALUES (1167,'PARCOY',120);
INSERT INTO BCP_DISTRICT (ID, NAME, ID_PROVINCE) VALUES (1168,'PATAZ',120);
INSERT INTO BCP_DISTRICT (ID, NAME, ID_PROVINCE) VALUES (1169,'PIAS',120);
INSERT INTO BCP_DISTRICT (ID, NAME, ID_PROVINCE) VALUES (1170,'SANTIAGO DE CHALLAS',120);
INSERT INTO BCP_DISTRICT (ID, NAME, ID_PROVINCE) VALUES (1171,'TAURIJA',120);
INSERT INTO BCP_DISTRICT (ID, NAME, ID_PROVINCE) VALUES (1172,'TAYABAMBA',120);
INSERT INTO BCP_DISTRICT (ID, NAME, ID_PROVINCE) VALUES (1173,'URPAY',120);
INSERT INTO BCP_DISTRICT (ID, NAME, ID_PROVINCE) VALUES (1174,'CHUGAY',121);
INSERT INTO BCP_DISTRICT (ID, NAME, ID_PROVINCE) VALUES (1175,'COCHORCO',121);
INSERT INTO BCP_DISTRICT (ID, NAME, ID_PROVINCE) VALUES (1176,'CURGOS',121);
INSERT INTO BCP_DISTRICT (ID, NAME, ID_PROVINCE) VALUES (1177,'HUAMACHUCO',121);
INSERT INTO BCP_DISTRICT (ID, NAME, ID_PROVINCE) VALUES (1178,'MARCABAL',121);
INSERT INTO BCP_DISTRICT (ID, NAME, ID_PROVINCE) VALUES (1179,'SANAGORAN',121);
INSERT INTO BCP_DISTRICT (ID, NAME, ID_PROVINCE) VALUES (1180,'SARIN',121);
INSERT INTO BCP_DISTRICT (ID, NAME, ID_PROVINCE) VALUES (1181,'SARTIMBAMBA',121);
INSERT INTO BCP_DISTRICT (ID, NAME, ID_PROVINCE) VALUES (1182,'ANGASMARCA',122);
INSERT INTO BCP_DISTRICT (ID, NAME, ID_PROVINCE) VALUES (1183,'CACHICADAN',122);
INSERT INTO BCP_DISTRICT (ID, NAME, ID_PROVINCE) VALUES (1184,'MOLLEBAMBA',122);
INSERT INTO BCP_DISTRICT (ID, NAME, ID_PROVINCE) VALUES (1185,'MOLLEPATA',122);
INSERT INTO BCP_DISTRICT (ID, NAME, ID_PROVINCE) VALUES (1186,'QUIRUVILCA',122);
INSERT INTO BCP_DISTRICT (ID, NAME, ID_PROVINCE) VALUES (1187,'SANTA CRUZ DE CHUCA',122);
INSERT INTO BCP_DISTRICT (ID, NAME, ID_PROVINCE) VALUES (1188,'SANTIAGO DE CHUCO',122);
INSERT INTO BCP_DISTRICT (ID, NAME, ID_PROVINCE) VALUES (1189,'SITABAMBA',122);
INSERT INTO BCP_DISTRICT (ID, NAME, ID_PROVINCE) VALUES (1190,'EL PORVENIR',123);
INSERT INTO BCP_DISTRICT (ID, NAME, ID_PROVINCE) VALUES (1191,'FLORENCIA DE MORA',123);
INSERT INTO BCP_DISTRICT (ID, NAME, ID_PROVINCE) VALUES (1192,'HUANCHACO',123);
INSERT INTO BCP_DISTRICT (ID, NAME, ID_PROVINCE) VALUES (1193,'LA ESPERANZA',123);
INSERT INTO BCP_DISTRICT (ID, NAME, ID_PROVINCE) VALUES (1194,'LAREDO',123);
INSERT INTO BCP_DISTRICT (ID, NAME, ID_PROVINCE) VALUES (1195,'MOCHE',123);
INSERT INTO BCP_DISTRICT (ID, NAME, ID_PROVINCE) VALUES (1196,'POROTO',123);
INSERT INTO BCP_DISTRICT (ID, NAME, ID_PROVINCE) VALUES (1197,'SALAVERRY',123);
INSERT INTO BCP_DISTRICT (ID, NAME, ID_PROVINCE) VALUES (1198,'SIMBAL',123);
INSERT INTO BCP_DISTRICT (ID, NAME, ID_PROVINCE) VALUES (1199,'TRUJILLO',123);
INSERT INTO BCP_DISTRICT (ID, NAME, ID_PROVINCE) VALUES (1200,'VICTOR LARCO HERRERA',123);
INSERT INTO BCP_DISTRICT (ID, NAME, ID_PROVINCE) VALUES (1201,'CHAO',124);
INSERT INTO BCP_DISTRICT (ID, NAME, ID_PROVINCE) VALUES (1202,'GUADALUPITO',124);
INSERT INTO BCP_DISTRICT (ID, NAME, ID_PROVINCE) VALUES (1203,'VIRU',124);
INSERT INTO BCP_DISTRICT (ID, NAME, ID_PROVINCE) VALUES (1204,'CAYALTI',125);
INSERT INTO BCP_DISTRICT (ID, NAME, ID_PROVINCE) VALUES (1205,'CHICLAYO',125);
INSERT INTO BCP_DISTRICT (ID, NAME, ID_PROVINCE) VALUES (1206,'CHONGOYAPE',125);
INSERT INTO BCP_DISTRICT (ID, NAME, ID_PROVINCE) VALUES (1207,'ETEN',125);
INSERT INTO BCP_DISTRICT (ID, NAME, ID_PROVINCE) VALUES (1208,'ETEN PUERTO',125);
INSERT INTO BCP_DISTRICT (ID, NAME, ID_PROVINCE) VALUES (1209,'JOSE LEONARDO ORTIZ',125);
INSERT INTO BCP_DISTRICT (ID, NAME, ID_PROVINCE) VALUES (1210,'LA VICTORIA',125);
INSERT INTO BCP_DISTRICT (ID, NAME, ID_PROVINCE) VALUES (1211,'LAGUNAS',125);
INSERT INTO BCP_DISTRICT (ID, NAME, ID_PROVINCE) VALUES (1212,'MONSEFU',125);
INSERT INTO BCP_DISTRICT (ID, NAME, ID_PROVINCE) VALUES (1213,'NUEVA ARICA',125);
INSERT INTO BCP_DISTRICT (ID, NAME, ID_PROVINCE) VALUES (1214,'OYOTUN',125);
INSERT INTO BCP_DISTRICT (ID, NAME, ID_PROVINCE) VALUES (1215,'PATAPO',125);
INSERT INTO BCP_DISTRICT (ID, NAME, ID_PROVINCE) VALUES (1216,'PICSI',125);
INSERT INTO BCP_DISTRICT (ID, NAME, ID_PROVINCE) VALUES (1217,'PIMENTEL',125);
INSERT INTO BCP_DISTRICT (ID, NAME, ID_PROVINCE) VALUES (1218,'POMALCA',125);
INSERT INTO BCP_DISTRICT (ID, NAME, ID_PROVINCE) VALUES (1219,'PUCALA',125);
INSERT INTO BCP_DISTRICT (ID, NAME, ID_PROVINCE) VALUES (1220,'REQUE',125);
INSERT INTO BCP_DISTRICT (ID, NAME, ID_PROVINCE) VALUES (1221,'SA-A',125);
INSERT INTO BCP_DISTRICT (ID, NAME, ID_PROVINCE) VALUES (1222,'SANTA ROSA',125);
INSERT INTO BCP_DISTRICT (ID, NAME, ID_PROVINCE) VALUES (1223,'TUMAN',125);
INSERT INTO BCP_DISTRICT (ID, NAME, ID_PROVINCE) VALUES (1224,'CA-ARIS',126);
INSERT INTO BCP_DISTRICT (ID, NAME, ID_PROVINCE) VALUES (1225,'FERRE-AFE',126);
INSERT INTO BCP_DISTRICT (ID, NAME, ID_PROVINCE) VALUES (1226,'INCAHUASI',126);
INSERT INTO BCP_DISTRICT (ID, NAME, ID_PROVINCE) VALUES (1227,'MANUEL ANTONIO MESON',126);
INSERT INTO BCP_DISTRICT (ID, NAME, ID_PROVINCE) VALUES (1228,'PITIPO',126);
INSERT INTO BCP_DISTRICT (ID, NAME, ID_PROVINCE) VALUES (1229,'PUEBLO NUEVO',126);
INSERT INTO BCP_DISTRICT (ID, NAME, ID_PROVINCE) VALUES (1230,'CHOCHOPE',127);
INSERT INTO BCP_DISTRICT (ID, NAME, ID_PROVINCE) VALUES (1231,'ILLIMO',127);
INSERT INTO BCP_DISTRICT (ID, NAME, ID_PROVINCE) VALUES (1232,'JAYANCA',127);
INSERT INTO BCP_DISTRICT (ID, NAME, ID_PROVINCE) VALUES (1233,'LAMBAYEQUE',127);
INSERT INTO BCP_DISTRICT (ID, NAME, ID_PROVINCE) VALUES (1234,'MOCHUMI',127);
INSERT INTO BCP_DISTRICT (ID, NAME, ID_PROVINCE) VALUES (1235,'MORROPE',127);
INSERT INTO BCP_DISTRICT (ID, NAME, ID_PROVINCE) VALUES (1236,'MOTUPE',127);
INSERT INTO BCP_DISTRICT (ID, NAME, ID_PROVINCE) VALUES (1237,'OLMOS',127);
INSERT INTO BCP_DISTRICT (ID, NAME, ID_PROVINCE) VALUES (1238,'PACORA',127);
INSERT INTO BCP_DISTRICT (ID, NAME, ID_PROVINCE) VALUES (1239,'SALAS',127);
INSERT INTO BCP_DISTRICT (ID, NAME, ID_PROVINCE) VALUES (1240,'SAN JOSE',127);
INSERT INTO BCP_DISTRICT (ID, NAME, ID_PROVINCE) VALUES (1241,'TUCUME',127);
INSERT INTO BCP_DISTRICT (ID, NAME, ID_PROVINCE) VALUES (1242,'BARRANCA',128);
INSERT INTO BCP_DISTRICT (ID, NAME, ID_PROVINCE) VALUES (1243,'PARAMONGA',128);
INSERT INTO BCP_DISTRICT (ID, NAME, ID_PROVINCE) VALUES (1244,'PATIVILCA',128);
INSERT INTO BCP_DISTRICT (ID, NAME, ID_PROVINCE) VALUES (1245,'SUPE',128);
INSERT INTO BCP_DISTRICT (ID, NAME, ID_PROVINCE) VALUES (1246,'SUPE PUERTO',128);
INSERT INTO BCP_DISTRICT (ID, NAME, ID_PROVINCE) VALUES (1247,'ASIA',129);
INSERT INTO BCP_DISTRICT (ID, NAME, ID_PROVINCE) VALUES (1248,'CALANGO',129);
INSERT INTO BCP_DISTRICT (ID, NAME, ID_PROVINCE) VALUES (1249,'CERRO AZUL',129);
INSERT INTO BCP_DISTRICT (ID, NAME, ID_PROVINCE) VALUES (1250,'CHILCA',129);
INSERT INTO BCP_DISTRICT (ID, NAME, ID_PROVINCE) VALUES (1251,'COAYLLO',129);
INSERT INTO BCP_DISTRICT (ID, NAME, ID_PROVINCE) VALUES (1252,'IMPERIAL',129);
INSERT INTO BCP_DISTRICT (ID, NAME, ID_PROVINCE) VALUES (1253,'LUNAHUANA',129);
INSERT INTO BCP_DISTRICT (ID, NAME, ID_PROVINCE) VALUES (1254,'MALA',129);
INSERT INTO BCP_DISTRICT (ID, NAME, ID_PROVINCE) VALUES (1255,'NUEVO IMPERIAL',129);
INSERT INTO BCP_DISTRICT (ID, NAME, ID_PROVINCE) VALUES (1256,'PACARAN',129);
INSERT INTO BCP_DISTRICT (ID, NAME, ID_PROVINCE) VALUES (1257,'QUILMANA',129);
INSERT INTO BCP_DISTRICT (ID, NAME, ID_PROVINCE) VALUES (1258,'SAN ANTONIO',129);
INSERT INTO BCP_DISTRICT (ID, NAME, ID_PROVINCE) VALUES (1259,'SAN LUIS',129);
INSERT INTO BCP_DISTRICT (ID, NAME, ID_PROVINCE) VALUES (1260,'SAN VICENTE DE CA-ET',129);
INSERT INTO BCP_DISTRICT (ID, NAME, ID_PROVINCE) VALUES (1261,'SANTA CRUZ DE FLORES',129);
INSERT INTO BCP_DISTRICT (ID, NAME, ID_PROVINCE) VALUES (1262,'ZU-IGA',129);
INSERT INTO BCP_DISTRICT (ID, NAME, ID_PROVINCE) VALUES (1263,'CAJATAMBO',130);
INSERT INTO BCP_DISTRICT (ID, NAME, ID_PROVINCE) VALUES (1264,'COPA',130);
INSERT INTO BCP_DISTRICT (ID, NAME, ID_PROVINCE) VALUES (1265,'GORGOR',130);
INSERT INTO BCP_DISTRICT (ID, NAME, ID_PROVINCE) VALUES (1266,'HUANCAPON',130);
INSERT INTO BCP_DISTRICT (ID, NAME, ID_PROVINCE) VALUES (1267,'MANAS',130);
INSERT INTO BCP_DISTRICT (ID, NAME, ID_PROVINCE) VALUES (1268,'ARAHUAY',131);
INSERT INTO BCP_DISTRICT (ID, NAME, ID_PROVINCE) VALUES (1269,'CANTA',131);
INSERT INTO BCP_DISTRICT (ID, NAME, ID_PROVINCE) VALUES (1270,'HUAMANTANGA',131);
INSERT INTO BCP_DISTRICT (ID, NAME, ID_PROVINCE) VALUES (1271,'HUAROS',131);
INSERT INTO BCP_DISTRICT (ID, NAME, ID_PROVINCE) VALUES (1272,'LACHAQUI',131);
INSERT INTO BCP_DISTRICT (ID, NAME, ID_PROVINCE) VALUES (1273,'SAN BUENAVENTURA',131);
INSERT INTO BCP_DISTRICT (ID, NAME, ID_PROVINCE) VALUES (1274,'SANTA ROSA DE QUIVES',131);
INSERT INTO BCP_DISTRICT (ID, NAME, ID_PROVINCE) VALUES (1275,'ATAVILLOS ALTO',132);
INSERT INTO BCP_DISTRICT (ID, NAME, ID_PROVINCE) VALUES (1276,'ATAVILLOS BAJO',132);
INSERT INTO BCP_DISTRICT (ID, NAME, ID_PROVINCE) VALUES (1277,'AUCALLAMA',132);
INSERT INTO BCP_DISTRICT (ID, NAME, ID_PROVINCE) VALUES (1278,'CHANCAY',132);
INSERT INTO BCP_DISTRICT (ID, NAME, ID_PROVINCE) VALUES (1279,'HUARAL',132);
INSERT INTO BCP_DISTRICT (ID, NAME, ID_PROVINCE) VALUES (1280,'IHUARI',132);
INSERT INTO BCP_DISTRICT (ID, NAME, ID_PROVINCE) VALUES (1281,'LAMPIAN',132);
INSERT INTO BCP_DISTRICT (ID, NAME, ID_PROVINCE) VALUES (1282,'PACARAOS',132);
INSERT INTO BCP_DISTRICT (ID, NAME, ID_PROVINCE) VALUES (1283,'SAN MIGUEL DE ACOS',132);
INSERT INTO BCP_DISTRICT (ID, NAME, ID_PROVINCE) VALUES (1284,'SANTA CRUZ DE ANDAMA',132);
INSERT INTO BCP_DISTRICT (ID, NAME, ID_PROVINCE) VALUES (1285,'SUMBILCA',132);
INSERT INTO BCP_DISTRICT (ID, NAME, ID_PROVINCE) VALUES (1286,'VEINTISIETE DE NOVIE',132);
INSERT INTO BCP_DISTRICT (ID, NAME, ID_PROVINCE) VALUES (1287,'ANTIOQUIA',133);
INSERT INTO BCP_DISTRICT (ID, NAME, ID_PROVINCE) VALUES (1288,'CALLAHUANCA',133);
INSERT INTO BCP_DISTRICT (ID, NAME, ID_PROVINCE) VALUES (1289,'CARAMPOMA',133);
INSERT INTO BCP_DISTRICT (ID, NAME, ID_PROVINCE) VALUES (1290,'CHICLA',133);
INSERT INTO BCP_DISTRICT (ID, NAME, ID_PROVINCE) VALUES (1291,'CUENCA',133);
INSERT INTO BCP_DISTRICT (ID, NAME, ID_PROVINCE) VALUES (1292,'HUACHUPAMPA',133);
INSERT INTO BCP_DISTRICT (ID, NAME, ID_PROVINCE) VALUES (1293,'HUANZA',133);
INSERT INTO BCP_DISTRICT (ID, NAME, ID_PROVINCE) VALUES (1294,'HUAROCHIRI',133);
INSERT INTO BCP_DISTRICT (ID, NAME, ID_PROVINCE) VALUES (1295,'LAHUAYTAMBO',133);
INSERT INTO BCP_DISTRICT (ID, NAME, ID_PROVINCE) VALUES (1296,'LANGA',133);
INSERT INTO BCP_DISTRICT (ID, NAME, ID_PROVINCE) VALUES (1297,'LARAOS',133);
INSERT INTO BCP_DISTRICT (ID, NAME, ID_PROVINCE) VALUES (1298,'MARIATANA',133);
INSERT INTO BCP_DISTRICT (ID, NAME, ID_PROVINCE) VALUES (1299,'MATUCANA',133);
INSERT INTO BCP_DISTRICT (ID, NAME, ID_PROVINCE) VALUES (1300,'RICARDO PALMA',133);
INSERT INTO BCP_DISTRICT (ID, NAME, ID_PROVINCE) VALUES (1301,'SAN ANDRES DE TUPICO',133);
INSERT INTO BCP_DISTRICT (ID, NAME, ID_PROVINCE) VALUES (1302,'SAN ANTONIO',133);
INSERT INTO BCP_DISTRICT (ID, NAME, ID_PROVINCE) VALUES (1303,'SAN BARTOLOME',133);
INSERT INTO BCP_DISTRICT (ID, NAME, ID_PROVINCE) VALUES (1304,'SAN DAMIAN',133);
INSERT INTO BCP_DISTRICT (ID, NAME, ID_PROVINCE) VALUES (1305,'SAN JUAN DE IRIS',133);
INSERT INTO BCP_DISTRICT (ID, NAME, ID_PROVINCE) VALUES (1306,'SAN JUAN DE TANTARAN',133);
INSERT INTO BCP_DISTRICT (ID, NAME, ID_PROVINCE) VALUES (1307,'SAN LORENZO DE QUINT',133);
INSERT INTO BCP_DISTRICT (ID, NAME, ID_PROVINCE) VALUES (1308,'SAN MATEO',133);
INSERT INTO BCP_DISTRICT (ID, NAME, ID_PROVINCE) VALUES (1309,'SAN MATEO DE OTAO',133);
INSERT INTO BCP_DISTRICT (ID, NAME, ID_PROVINCE) VALUES (1310,'SAN PEDRO DE CASTA',133);
INSERT INTO BCP_DISTRICT (ID, NAME, ID_PROVINCE) VALUES (1311,'SAN PEDRO DE HUANCAY',133);
INSERT INTO BCP_DISTRICT (ID, NAME, ID_PROVINCE) VALUES (1312,'SANGALLAYA',133);
INSERT INTO BCP_DISTRICT (ID, NAME, ID_PROVINCE) VALUES (1313,'SANTA CRUZ DE COCACH',133);
INSERT INTO BCP_DISTRICT (ID, NAME, ID_PROVINCE) VALUES (1314,'SANTA EULALIA',133);
INSERT INTO BCP_DISTRICT (ID, NAME, ID_PROVINCE) VALUES (1315,'SANTIAGO DE ANCHUCAY',133);
INSERT INTO BCP_DISTRICT (ID, NAME, ID_PROVINCE) VALUES (1316,'SANTIAGO DE TUNA',133);
INSERT INTO BCP_DISTRICT (ID, NAME, ID_PROVINCE) VALUES (1317,'SANTO DOMINGO DE LOS',133);
INSERT INTO BCP_DISTRICT (ID, NAME, ID_PROVINCE) VALUES (1318,'SURCO',133);
INSERT INTO BCP_DISTRICT (ID, NAME, ID_PROVINCE) VALUES (1319,'AMBAR',134);
INSERT INTO BCP_DISTRICT (ID, NAME, ID_PROVINCE) VALUES (1320,'CALETA DE CARQUIN',134);
INSERT INTO BCP_DISTRICT (ID, NAME, ID_PROVINCE) VALUES (1321,'CHECRAS',134);
INSERT INTO BCP_DISTRICT (ID, NAME, ID_PROVINCE) VALUES (1322,'HUACHO',134);
INSERT INTO BCP_DISTRICT (ID, NAME, ID_PROVINCE) VALUES (1323,'HUALMAY',134);
INSERT INTO BCP_DISTRICT (ID, NAME, ID_PROVINCE) VALUES (1324,'HUAURA',134);
INSERT INTO BCP_DISTRICT (ID, NAME, ID_PROVINCE) VALUES (1325,'LEONCIO PRADO',134);
INSERT INTO BCP_DISTRICT (ID, NAME, ID_PROVINCE) VALUES (1326,'PACCHO',134);
INSERT INTO BCP_DISTRICT (ID, NAME, ID_PROVINCE) VALUES (1327,'SANTA LEONOR',134);
INSERT INTO BCP_DISTRICT (ID, NAME, ID_PROVINCE) VALUES (1328,'SANTA MARIA',134);
INSERT INTO BCP_DISTRICT (ID, NAME, ID_PROVINCE) VALUES (1329,'SAYAN',134);
INSERT INTO BCP_DISTRICT (ID, NAME, ID_PROVINCE) VALUES (1330,'VEGUETA',134);
INSERT INTO BCP_DISTRICT (ID, NAME, ID_PROVINCE) VALUES (1331,'ANCON',135);
INSERT INTO BCP_DISTRICT (ID, NAME, ID_PROVINCE) VALUES (1332,'ATE',135);
INSERT INTO BCP_DISTRICT (ID, NAME, ID_PROVINCE) VALUES (1333,'BARRANCO',135);
INSERT INTO BCP_DISTRICT (ID, NAME, ID_PROVINCE) VALUES (1334,'BRE-A',135);
INSERT INTO BCP_DISTRICT (ID, NAME, ID_PROVINCE) VALUES (1335,'CARABAYLLO',135);
INSERT INTO BCP_DISTRICT (ID, NAME, ID_PROVINCE) VALUES (1336,'CHACLACAYO',135);
INSERT INTO BCP_DISTRICT (ID, NAME, ID_PROVINCE) VALUES (1337,'CHORRILLOS',135);
INSERT INTO BCP_DISTRICT (ID, NAME, ID_PROVINCE) VALUES (1338,'CIENEGUILLA',135);
INSERT INTO BCP_DISTRICT (ID, NAME, ID_PROVINCE) VALUES (1339,'COMAS',135);
INSERT INTO BCP_DISTRICT (ID, NAME, ID_PROVINCE) VALUES (1340,'EL AGUSTINO',135);
INSERT INTO BCP_DISTRICT (ID, NAME, ID_PROVINCE) VALUES (1341,'INDEPENDENCIA',135);
INSERT INTO BCP_DISTRICT (ID, NAME, ID_PROVINCE) VALUES (1342,'JESUS MARIA',135);
INSERT INTO BCP_DISTRICT (ID, NAME, ID_PROVINCE) VALUES (1343,'LA MOLINA',135);
INSERT INTO BCP_DISTRICT (ID, NAME, ID_PROVINCE) VALUES (1344,'LA VICTORIA',135);
INSERT INTO BCP_DISTRICT (ID, NAME, ID_PROVINCE) VALUES (1345,'LIMA',135);
INSERT INTO BCP_DISTRICT (ID, NAME, ID_PROVINCE) VALUES (1346,'LINCE',135);
INSERT INTO BCP_DISTRICT (ID, NAME, ID_PROVINCE) VALUES (1347,'LOS OLIVOS',135);
INSERT INTO BCP_DISTRICT (ID, NAME, ID_PROVINCE) VALUES (1348,'LURIGANCHO',135);
INSERT INTO BCP_DISTRICT (ID, NAME, ID_PROVINCE) VALUES (1349,'LURIN',135);
INSERT INTO BCP_DISTRICT (ID, NAME, ID_PROVINCE) VALUES (1350,'MAGDALENA DEL MAR',135);
INSERT INTO BCP_DISTRICT (ID, NAME, ID_PROVINCE) VALUES (1351,'MIRAFLORES',135);
INSERT INTO BCP_DISTRICT (ID, NAME, ID_PROVINCE) VALUES (1352,'PACHACAMAC',135);
INSERT INTO BCP_DISTRICT (ID, NAME, ID_PROVINCE) VALUES (1353,'PUCUSANA',135);
INSERT INTO BCP_DISTRICT (ID, NAME, ID_PROVINCE) VALUES (1354,'PUEBLO LIBRE',135);
INSERT INTO BCP_DISTRICT (ID, NAME, ID_PROVINCE) VALUES (1355,'PUENTE PIEDRA',135);
INSERT INTO BCP_DISTRICT (ID, NAME, ID_PROVINCE) VALUES (1356,'PUNTA HERMOSA',135);
INSERT INTO BCP_DISTRICT (ID, NAME, ID_PROVINCE) VALUES (1357,'PUNTA NEGRA',135);
INSERT INTO BCP_DISTRICT (ID, NAME, ID_PROVINCE) VALUES (1358,'RIMAC',135);
INSERT INTO BCP_DISTRICT (ID, NAME, ID_PROVINCE) VALUES (1359,'SAN BARTOLO',135);
INSERT INTO BCP_DISTRICT (ID, NAME, ID_PROVINCE) VALUES (1360,'SAN BORJA',135);
INSERT INTO BCP_DISTRICT (ID, NAME, ID_PROVINCE) VALUES (1361,'SAN ISIDRO',135);
INSERT INTO BCP_DISTRICT (ID, NAME, ID_PROVINCE) VALUES (1362,'SAN JUAN DE LURIGANC',135);
INSERT INTO BCP_DISTRICT (ID, NAME, ID_PROVINCE) VALUES (1363,'SAN JUAN DE MIRAFLOR',135);
INSERT INTO BCP_DISTRICT (ID, NAME, ID_PROVINCE) VALUES (1364,'SAN LUIS',135);
INSERT INTO BCP_DISTRICT (ID, NAME, ID_PROVINCE) VALUES (1365,'SAN MARTIN DE PORRES',135);
INSERT INTO BCP_DISTRICT (ID, NAME, ID_PROVINCE) VALUES (1366,'SAN MIGUEL',135);
INSERT INTO BCP_DISTRICT (ID, NAME, ID_PROVINCE) VALUES (1367,'SANTA ANITA',135);
INSERT INTO BCP_DISTRICT (ID, NAME, ID_PROVINCE) VALUES (1368,'SANTA MARIA DEL MAR',135);
INSERT INTO BCP_DISTRICT (ID, NAME, ID_PROVINCE) VALUES (1369,'SANTA ROSA',135);
INSERT INTO BCP_DISTRICT (ID, NAME, ID_PROVINCE) VALUES (1370,'SANTIAGO DE SURCO',135);
INSERT INTO BCP_DISTRICT (ID, NAME, ID_PROVINCE) VALUES (1371,'SURQUILLO',135);
INSERT INTO BCP_DISTRICT (ID, NAME, ID_PROVINCE) VALUES (1372,'VILLA EL SALVADOR',135);
INSERT INTO BCP_DISTRICT (ID, NAME, ID_PROVINCE) VALUES (1373,'VILLA MARIA DEL TRIU',135);
INSERT INTO BCP_DISTRICT (ID, NAME, ID_PROVINCE) VALUES (1374,'ANDAJES',136);
INSERT INTO BCP_DISTRICT (ID, NAME, ID_PROVINCE) VALUES (1375,'CAUJUL',136);
INSERT INTO BCP_DISTRICT (ID, NAME, ID_PROVINCE) VALUES (1376,'COCHAMARCA',136);
INSERT INTO BCP_DISTRICT (ID, NAME, ID_PROVINCE) VALUES (1377,'NAVAN',136);
INSERT INTO BCP_DISTRICT (ID, NAME, ID_PROVINCE) VALUES (1378,'OYON',136);
INSERT INTO BCP_DISTRICT (ID, NAME, ID_PROVINCE) VALUES (1379,'PACHANGARA',136);
INSERT INTO BCP_DISTRICT (ID, NAME, ID_PROVINCE) VALUES (1380,'ALIS',137);
INSERT INTO BCP_DISTRICT (ID, NAME, ID_PROVINCE) VALUES (1381,'AYAUCA',137);
INSERT INTO BCP_DISTRICT (ID, NAME, ID_PROVINCE) VALUES (1382,'AYAVIRI',137);
INSERT INTO BCP_DISTRICT (ID, NAME, ID_PROVINCE) VALUES (1383,'AZANGARO',137);
INSERT INTO BCP_DISTRICT (ID, NAME, ID_PROVINCE) VALUES (1384,'CACRA',137);
INSERT INTO BCP_DISTRICT (ID, NAME, ID_PROVINCE) VALUES (1385,'CARANIA',137);
INSERT INTO BCP_DISTRICT (ID, NAME, ID_PROVINCE) VALUES (1386,'CATAHUASI',137);
INSERT INTO BCP_DISTRICT (ID, NAME, ID_PROVINCE) VALUES (1387,'CHOCOS',137);
INSERT INTO BCP_DISTRICT (ID, NAME, ID_PROVINCE) VALUES (1388,'COCHAS',137);
INSERT INTO BCP_DISTRICT (ID, NAME, ID_PROVINCE) VALUES (1389,'COLONIA',137);
INSERT INTO BCP_DISTRICT (ID, NAME, ID_PROVINCE) VALUES (1390,'HONGOS',137);
INSERT INTO BCP_DISTRICT (ID, NAME, ID_PROVINCE) VALUES (1391,'HUA-EC',137);
INSERT INTO BCP_DISTRICT (ID, NAME, ID_PROVINCE) VALUES (1392,'HUAMPARA',137);
INSERT INTO BCP_DISTRICT (ID, NAME, ID_PROVINCE) VALUES (1393,'HUANCAYA',137);
INSERT INTO BCP_DISTRICT (ID, NAME, ID_PROVINCE) VALUES (1394,'HUANGASCAR',137);
INSERT INTO BCP_DISTRICT (ID, NAME, ID_PROVINCE) VALUES (1395,'HUANTAN',137);
INSERT INTO BCP_DISTRICT (ID, NAME, ID_PROVINCE) VALUES (1396,'LARAOS',137);
INSERT INTO BCP_DISTRICT (ID, NAME, ID_PROVINCE) VALUES (1397,'LINCHA',137);
INSERT INTO BCP_DISTRICT (ID, NAME, ID_PROVINCE) VALUES (1398,'MADEAN',137);
INSERT INTO BCP_DISTRICT (ID, NAME, ID_PROVINCE) VALUES (1399,'MIRAFLORES',137);
INSERT INTO BCP_DISTRICT (ID, NAME, ID_PROVINCE) VALUES (1400,'OMAS',137);
INSERT INTO BCP_DISTRICT (ID, NAME, ID_PROVINCE) VALUES (1401,'PUTINZA',137);
INSERT INTO BCP_DISTRICT (ID, NAME, ID_PROVINCE) VALUES (1402,'QUINCHES',137);
INSERT INTO BCP_DISTRICT (ID, NAME, ID_PROVINCE) VALUES (1403,'QUINOCAY',137);
INSERT INTO BCP_DISTRICT (ID, NAME, ID_PROVINCE) VALUES (1404,'SAN JOAQUIN',137);
INSERT INTO BCP_DISTRICT (ID, NAME, ID_PROVINCE) VALUES (1405,'SAN PEDRO DE PILAS',137);
INSERT INTO BCP_DISTRICT (ID, NAME, ID_PROVINCE) VALUES (1406,'TANTA',137);
INSERT INTO BCP_DISTRICT (ID, NAME, ID_PROVINCE) VALUES (1407,'TAURIPAMPA',137);
INSERT INTO BCP_DISTRICT (ID, NAME, ID_PROVINCE) VALUES (1408,'TOMAS',137);
INSERT INTO BCP_DISTRICT (ID, NAME, ID_PROVINCE) VALUES (1409,'TUPE',137);
INSERT INTO BCP_DISTRICT (ID, NAME, ID_PROVINCE) VALUES (1410,'VI-AC',137);
INSERT INTO BCP_DISTRICT (ID, NAME, ID_PROVINCE) VALUES (1411,'VITIS',137);
INSERT INTO BCP_DISTRICT (ID, NAME, ID_PROVINCE) VALUES (1412,'YAUYOS',137);
INSERT INTO BCP_DISTRICT (ID, NAME, ID_PROVINCE) VALUES (1413,'BALSAPUERTO',138);
INSERT INTO BCP_DISTRICT (ID, NAME, ID_PROVINCE) VALUES (1414,'BARRANCA',138);
INSERT INTO BCP_DISTRICT (ID, NAME, ID_PROVINCE) VALUES (1415,'CAHUAPANAS',138);
INSERT INTO BCP_DISTRICT (ID, NAME, ID_PROVINCE) VALUES (1416,'JEBEROS',138);
INSERT INTO BCP_DISTRICT (ID, NAME, ID_PROVINCE) VALUES (1417,'LAGUNAS',138);
INSERT INTO BCP_DISTRICT (ID, NAME, ID_PROVINCE) VALUES (1418,'MANSERICHE',138);
INSERT INTO BCP_DISTRICT (ID, NAME, ID_PROVINCE) VALUES (1419,'MORONA',138);
INSERT INTO BCP_DISTRICT (ID, NAME, ID_PROVINCE) VALUES (1420,'PASTAZA',138);
INSERT INTO BCP_DISTRICT (ID, NAME, ID_PROVINCE) VALUES (1421,'SANTA CRUZ',138);
INSERT INTO BCP_DISTRICT (ID, NAME, ID_PROVINCE) VALUES (1422,'TENIENTE CESAR LOPEZ',138);
INSERT INTO BCP_DISTRICT (ID, NAME, ID_PROVINCE) VALUES (1423,'YURIMAGUAS',138);
INSERT INTO BCP_DISTRICT (ID, NAME, ID_PROVINCE) VALUES (1424,'NAUTA',139);
INSERT INTO BCP_DISTRICT (ID, NAME, ID_PROVINCE) VALUES (1425,'PARINARI',139);
INSERT INTO BCP_DISTRICT (ID, NAME, ID_PROVINCE) VALUES (1426,'TIGRE',139);
INSERT INTO BCP_DISTRICT (ID, NAME, ID_PROVINCE) VALUES (1427,'TROMPETEROS',139);
INSERT INTO BCP_DISTRICT (ID, NAME, ID_PROVINCE) VALUES (1428,'URARINAS',139);
INSERT INTO BCP_DISTRICT (ID, NAME, ID_PROVINCE) VALUES (1429,'PEBAS',140);
INSERT INTO BCP_DISTRICT (ID, NAME, ID_PROVINCE) VALUES (1430,'RAMON CASTILLA',140);
INSERT INTO BCP_DISTRICT (ID, NAME, ID_PROVINCE) VALUES (1431,'SAN PABLO',140);
INSERT INTO BCP_DISTRICT (ID, NAME, ID_PROVINCE) VALUES (1432,'YAVARI',140);
INSERT INTO BCP_DISTRICT (ID, NAME, ID_PROVINCE) VALUES (1433,'ALTO NANAY',141);
INSERT INTO BCP_DISTRICT (ID, NAME, ID_PROVINCE) VALUES (1434,'FERNANDO LORES',141);
INSERT INTO BCP_DISTRICT (ID, NAME, ID_PROVINCE) VALUES (1435,'INDIANA',141);
INSERT INTO BCP_DISTRICT (ID, NAME, ID_PROVINCE) VALUES (1436,'IQUITOS',141);
INSERT INTO BCP_DISTRICT (ID, NAME, ID_PROVINCE) VALUES (1437,'LAS AMAZONAS',141);
INSERT INTO BCP_DISTRICT (ID, NAME, ID_PROVINCE) VALUES (1438,'MAZAN',141);
INSERT INTO BCP_DISTRICT (ID, NAME, ID_PROVINCE) VALUES (1439,'NAPO',141);
INSERT INTO BCP_DISTRICT (ID, NAME, ID_PROVINCE) VALUES (1440,'PUNCHANA',141);
INSERT INTO BCP_DISTRICT (ID, NAME, ID_PROVINCE) VALUES (1441,'PUTUMAYO',141);
INSERT INTO BCP_DISTRICT (ID, NAME, ID_PROVINCE) VALUES (1442,'TORRES CAUSANA',141);
INSERT INTO BCP_DISTRICT (ID, NAME, ID_PROVINCE) VALUES (1443,'YAQUERANA',141);
INSERT INTO BCP_DISTRICT (ID, NAME, ID_PROVINCE) VALUES (1444,'ALTO TAPICHE',142);
INSERT INTO BCP_DISTRICT (ID, NAME, ID_PROVINCE) VALUES (1445,'CAPELO',142);
INSERT INTO BCP_DISTRICT (ID, NAME, ID_PROVINCE) VALUES (1446,'EMILIO SAN MARTIN',142);
INSERT INTO BCP_DISTRICT (ID, NAME, ID_PROVINCE) VALUES (1447,'JENARO HERRERA',142);
INSERT INTO BCP_DISTRICT (ID, NAME, ID_PROVINCE) VALUES (1448,'MAQUIA',142);
INSERT INTO BCP_DISTRICT (ID, NAME, ID_PROVINCE) VALUES (1449,'PUINAHUA',142);
INSERT INTO BCP_DISTRICT (ID, NAME, ID_PROVINCE) VALUES (1450,'REQUENA',142);
INSERT INTO BCP_DISTRICT (ID, NAME, ID_PROVINCE) VALUES (1451,'SAQUENA',142);
INSERT INTO BCP_DISTRICT (ID, NAME, ID_PROVINCE) VALUES (1452,'SOPLIN',142);
INSERT INTO BCP_DISTRICT (ID, NAME, ID_PROVINCE) VALUES (1453,'TAPICHE',142);
INSERT INTO BCP_DISTRICT (ID, NAME, ID_PROVINCE) VALUES (1454,'CONTAMANA',143);
INSERT INTO BCP_DISTRICT (ID, NAME, ID_PROVINCE) VALUES (1455,'INAHUAYA',143);
INSERT INTO BCP_DISTRICT (ID, NAME, ID_PROVINCE) VALUES (1456,'PADRE MARQUEZ',143);
INSERT INTO BCP_DISTRICT (ID, NAME, ID_PROVINCE) VALUES (1457,'PAMPA HERMOSA',143);
INSERT INTO BCP_DISTRICT (ID, NAME, ID_PROVINCE) VALUES (1458,'SARAYACU',143);
INSERT INTO BCP_DISTRICT (ID, NAME, ID_PROVINCE) VALUES (1459,'VARGAS GUERRA',143);
INSERT INTO BCP_DISTRICT (ID, NAME, ID_PROVINCE) VALUES (1460,'FITZCARRALD',144);
INSERT INTO BCP_DISTRICT (ID, NAME, ID_PROVINCE) VALUES (1461,'MADRE DE DIOS',144);
INSERT INTO BCP_DISTRICT (ID, NAME, ID_PROVINCE) VALUES (1462,'MANU',144);
INSERT INTO BCP_DISTRICT (ID, NAME, ID_PROVINCE) VALUES (1463,'IBERIA',145);
INSERT INTO BCP_DISTRICT (ID, NAME, ID_PROVINCE) VALUES (1464,'I-APARI',145);
INSERT INTO BCP_DISTRICT (ID, NAME, ID_PROVINCE) VALUES (1465,'TAHUAMANU',145);
INSERT INTO BCP_DISTRICT (ID, NAME, ID_PROVINCE) VALUES (1466,'INAMBARI',146);
INSERT INTO BCP_DISTRICT (ID, NAME, ID_PROVINCE) VALUES (1467,'LABERINTO',146);
INSERT INTO BCP_DISTRICT (ID, NAME, ID_PROVINCE) VALUES (1468,'LAS PIEDRAS',146);
INSERT INTO BCP_DISTRICT (ID, NAME, ID_PROVINCE) VALUES (1469,'TAMBOPATA',146);
INSERT INTO BCP_DISTRICT (ID, NAME, ID_PROVINCE) VALUES (1470,'CHOJATA',147);
INSERT INTO BCP_DISTRICT (ID, NAME, ID_PROVINCE) VALUES (1471,'COALAQUE',147);
INSERT INTO BCP_DISTRICT (ID, NAME, ID_PROVINCE) VALUES (1472,'ICHU-A',147);
INSERT INTO BCP_DISTRICT (ID, NAME, ID_PROVINCE) VALUES (1473,'LA CAPILLA',147);
INSERT INTO BCP_DISTRICT (ID, NAME, ID_PROVINCE) VALUES (1474,'LLOQUE',147);
INSERT INTO BCP_DISTRICT (ID, NAME, ID_PROVINCE) VALUES (1475,'MATALAQUE',147);
INSERT INTO BCP_DISTRICT (ID, NAME, ID_PROVINCE) VALUES (1476,'OMATE',147);
INSERT INTO BCP_DISTRICT (ID, NAME, ID_PROVINCE) VALUES (1477,'PUQUINA',147);
INSERT INTO BCP_DISTRICT (ID, NAME, ID_PROVINCE) VALUES (1478,'QUINISTAQUILLAS',147);
INSERT INTO BCP_DISTRICT (ID, NAME, ID_PROVINCE) VALUES (1479,'UBINAS',147);
INSERT INTO BCP_DISTRICT (ID, NAME, ID_PROVINCE) VALUES (1480,'YUNGA',147);
INSERT INTO BCP_DISTRICT (ID, NAME, ID_PROVINCE) VALUES (1481,'EL ALGARROBAL',148);
INSERT INTO BCP_DISTRICT (ID, NAME, ID_PROVINCE) VALUES (1482,'ILO',148);
INSERT INTO BCP_DISTRICT (ID, NAME, ID_PROVINCE) VALUES (1483,'PACOCHA',148);
INSERT INTO BCP_DISTRICT (ID, NAME, ID_PROVINCE) VALUES (1484,'CARUMAS',149);
INSERT INTO BCP_DISTRICT (ID, NAME, ID_PROVINCE) VALUES (1485,'CUCHUMBAYA',149);
INSERT INTO BCP_DISTRICT (ID, NAME, ID_PROVINCE) VALUES (1486,'MOQUEGUA',149);
INSERT INTO BCP_DISTRICT (ID, NAME, ID_PROVINCE) VALUES (1487,'SAMEGUA',149);
INSERT INTO BCP_DISTRICT (ID, NAME, ID_PROVINCE) VALUES (1488,'SAN CRISTOBAL',149);
INSERT INTO BCP_DISTRICT (ID, NAME, ID_PROVINCE) VALUES (1489,'TORATA',149);
INSERT INTO BCP_DISTRICT (ID, NAME, ID_PROVINCE) VALUES (1490,'CHACAYAN',150);
INSERT INTO BCP_DISTRICT (ID, NAME, ID_PROVINCE) VALUES (1491,'GOYLLARISQUIZGA',150);
INSERT INTO BCP_DISTRICT (ID, NAME, ID_PROVINCE) VALUES (1492,'PAUCAR',150);
INSERT INTO BCP_DISTRICT (ID, NAME, ID_PROVINCE) VALUES (1493,'SAN PEDRO DE PILLAO',150);
INSERT INTO BCP_DISTRICT (ID, NAME, ID_PROVINCE) VALUES (1494,'SANTA ANA DE TUSI',150);
INSERT INTO BCP_DISTRICT (ID, NAME, ID_PROVINCE) VALUES (1495,'TAPUC',150);
INSERT INTO BCP_DISTRICT (ID, NAME, ID_PROVINCE) VALUES (1496,'VILCABAMBA',150);
INSERT INTO BCP_DISTRICT (ID, NAME, ID_PROVINCE) VALUES (1497,'YANAHUANCA',150);
INSERT INTO BCP_DISTRICT (ID, NAME, ID_PROVINCE) VALUES (1498,'CHONTABAMBA',151);
INSERT INTO BCP_DISTRICT (ID, NAME, ID_PROVINCE) VALUES (1499,'HUANCABAMBA',151);
INSERT INTO BCP_DISTRICT (ID, NAME, ID_PROVINCE) VALUES (1500,'OXAPAMPA',151);
INSERT INTO BCP_DISTRICT (ID, NAME, ID_PROVINCE) VALUES (1501,'PALCAZU',151);
INSERT INTO BCP_DISTRICT (ID, NAME, ID_PROVINCE) VALUES (1502,'POZUZO',151);
INSERT INTO BCP_DISTRICT (ID, NAME, ID_PROVINCE) VALUES (1503,'PUERTO BERMUDEZ',151);
INSERT INTO BCP_DISTRICT (ID, NAME, ID_PROVINCE) VALUES (1504,'VILLA RICA',151);
INSERT INTO BCP_DISTRICT (ID, NAME, ID_PROVINCE) VALUES (1505,'CHAUPIMARCA',152);
INSERT INTO BCP_DISTRICT (ID, NAME, ID_PROVINCE) VALUES (1506,'HUACHON',152);
INSERT INTO BCP_DISTRICT (ID, NAME, ID_PROVINCE) VALUES (1507,'HUARIACA',152);
INSERT INTO BCP_DISTRICT (ID, NAME, ID_PROVINCE) VALUES (1508,'HUAYLLAY',152);
INSERT INTO BCP_DISTRICT (ID, NAME, ID_PROVINCE) VALUES (1509,'NINACACA',152);
INSERT INTO BCP_DISTRICT (ID, NAME, ID_PROVINCE) VALUES (1510,'PALLANCHACRA',152);
INSERT INTO BCP_DISTRICT (ID, NAME, ID_PROVINCE) VALUES (1511,'PAUCARTAMBO',152);
INSERT INTO BCP_DISTRICT (ID, NAME, ID_PROVINCE) VALUES (1512,'SAN FCO.DE ASIS DE Y',152);
INSERT INTO BCP_DISTRICT (ID, NAME, ID_PROVINCE) VALUES (1513,'SIMON BOLIVAR',152);
INSERT INTO BCP_DISTRICT (ID, NAME, ID_PROVINCE) VALUES (1514,'TICLACAYAN',152);
INSERT INTO BCP_DISTRICT (ID, NAME, ID_PROVINCE) VALUES (1515,'TINYAHUARCO',152);
INSERT INTO BCP_DISTRICT (ID, NAME, ID_PROVINCE) VALUES (1516,'VICCO',152);
INSERT INTO BCP_DISTRICT (ID, NAME, ID_PROVINCE) VALUES (1517,'YANACANCHA',152);
INSERT INTO BCP_DISTRICT (ID, NAME, ID_PROVINCE) VALUES (1518,'AYABACA',153);
INSERT INTO BCP_DISTRICT (ID, NAME, ID_PROVINCE) VALUES (1519,'FRIAS',153);
INSERT INTO BCP_DISTRICT (ID, NAME, ID_PROVINCE) VALUES (1520,'JILILI',153);
INSERT INTO BCP_DISTRICT (ID, NAME, ID_PROVINCE) VALUES (1521,'LAGUNAS',153);
INSERT INTO BCP_DISTRICT (ID, NAME, ID_PROVINCE) VALUES (1522,'MONTERO',153);
INSERT INTO BCP_DISTRICT (ID, NAME, ID_PROVINCE) VALUES (1523,'PACAIPAMPA',153);
INSERT INTO BCP_DISTRICT (ID, NAME, ID_PROVINCE) VALUES (1524,'PAIMAS',153);
INSERT INTO BCP_DISTRICT (ID, NAME, ID_PROVINCE) VALUES (1525,'SAPILLICA',153);
INSERT INTO BCP_DISTRICT (ID, NAME, ID_PROVINCE) VALUES (1526,'SICCHEZ',153);
INSERT INTO BCP_DISTRICT (ID, NAME, ID_PROVINCE) VALUES (1527,'SUYO',153);
INSERT INTO BCP_DISTRICT (ID, NAME, ID_PROVINCE) VALUES (1528,'CANCHAQUE',154);
INSERT INTO BCP_DISTRICT (ID, NAME, ID_PROVINCE) VALUES (1529,'EL CARMEN DE LA FRON',154);
INSERT INTO BCP_DISTRICT (ID, NAME, ID_PROVINCE) VALUES (1530,'HUANCABAMBA',154);
INSERT INTO BCP_DISTRICT (ID, NAME, ID_PROVINCE) VALUES (1531,'HUARMACA',154);
INSERT INTO BCP_DISTRICT (ID, NAME, ID_PROVINCE) VALUES (1532,'LALAQUIZ',154);
INSERT INTO BCP_DISTRICT (ID, NAME, ID_PROVINCE) VALUES (1533,'SAN MIGUEL DE EL FAI',154);
INSERT INTO BCP_DISTRICT (ID, NAME, ID_PROVINCE) VALUES (1534,'SONDOR',154);
INSERT INTO BCP_DISTRICT (ID, NAME, ID_PROVINCE) VALUES (1535,'SONDORILLO',154);
INSERT INTO BCP_DISTRICT (ID, NAME, ID_PROVINCE) VALUES (1536,'BUENOS AIRES',155);
INSERT INTO BCP_DISTRICT (ID, NAME, ID_PROVINCE) VALUES (1537,'CHALACO',155);
INSERT INTO BCP_DISTRICT (ID, NAME, ID_PROVINCE) VALUES (1538,'CHULUCANAS',155);
INSERT INTO BCP_DISTRICT (ID, NAME, ID_PROVINCE) VALUES (1539,'LA MATANZA',155);
INSERT INTO BCP_DISTRICT (ID, NAME, ID_PROVINCE) VALUES (1540,'MORROPON',155);
INSERT INTO BCP_DISTRICT (ID, NAME, ID_PROVINCE) VALUES (1541,'SALITRAL',155);
INSERT INTO BCP_DISTRICT (ID, NAME, ID_PROVINCE) VALUES (1542,'SAN JUAN DE BIGOTE',155);
INSERT INTO BCP_DISTRICT (ID, NAME, ID_PROVINCE) VALUES (1543,'SANTA CATALINA DE MO',155);
INSERT INTO BCP_DISTRICT (ID, NAME, ID_PROVINCE) VALUES (1544,'SANTO DOMINGO',155);
INSERT INTO BCP_DISTRICT (ID, NAME, ID_PROVINCE) VALUES (1545,'YAMANGO',155);
INSERT INTO BCP_DISTRICT (ID, NAME, ID_PROVINCE) VALUES (1546,'AMOTAPE',156);
INSERT INTO BCP_DISTRICT (ID, NAME, ID_PROVINCE) VALUES (1547,'ARENAL',156);
INSERT INTO BCP_DISTRICT (ID, NAME, ID_PROVINCE) VALUES (1548,'COLAN',156);
INSERT INTO BCP_DISTRICT (ID, NAME, ID_PROVINCE) VALUES (1549,'LA HUACA',156);
INSERT INTO BCP_DISTRICT (ID, NAME, ID_PROVINCE) VALUES (1550,'PAITA',156);
INSERT INTO BCP_DISTRICT (ID, NAME, ID_PROVINCE) VALUES (1551,'TAMARINDO',156);
INSERT INTO BCP_DISTRICT (ID, NAME, ID_PROVINCE) VALUES (1552,'VICHAYAL',156);
INSERT INTO BCP_DISTRICT (ID, NAME, ID_PROVINCE) VALUES (1553,'CASTILLA',157);
INSERT INTO BCP_DISTRICT (ID, NAME, ID_PROVINCE) VALUES (1554,'CATACAOS',157);
INSERT INTO BCP_DISTRICT (ID, NAME, ID_PROVINCE) VALUES (1555,'CURA MORI',157);
INSERT INTO BCP_DISTRICT (ID, NAME, ID_PROVINCE) VALUES (1556,'EL TALLAN',157);
INSERT INTO BCP_DISTRICT (ID, NAME, ID_PROVINCE) VALUES (1557,'LA ARENA',157);
INSERT INTO BCP_DISTRICT (ID, NAME, ID_PROVINCE) VALUES (1558,'LA UNION',157);
INSERT INTO BCP_DISTRICT (ID, NAME, ID_PROVINCE) VALUES (1559,'LAS LOMAS',157);
INSERT INTO BCP_DISTRICT (ID, NAME, ID_PROVINCE) VALUES (1560,'PIURA',157);
INSERT INTO BCP_DISTRICT (ID, NAME, ID_PROVINCE) VALUES (1561,'TAMBO GRANDE',157);
INSERT INTO BCP_DISTRICT (ID, NAME, ID_PROVINCE) VALUES (1562,'BELLAVISTA DE LA UNI',158);
INSERT INTO BCP_DISTRICT (ID, NAME, ID_PROVINCE) VALUES (1563,'BERNAL',158);
INSERT INTO BCP_DISTRICT (ID, NAME, ID_PROVINCE) VALUES (1564,'CRISTO NOS VALGA',158);
INSERT INTO BCP_DISTRICT (ID, NAME, ID_PROVINCE) VALUES (1565,'RINCONADA LLICUAR',158);
INSERT INTO BCP_DISTRICT (ID, NAME, ID_PROVINCE) VALUES (1566,'SECHURA',158);
INSERT INTO BCP_DISTRICT (ID, NAME, ID_PROVINCE) VALUES (1567,'VICE',158);
INSERT INTO BCP_DISTRICT (ID, NAME, ID_PROVINCE) VALUES (1568,'BELLAVISTA',159);
INSERT INTO BCP_DISTRICT (ID, NAME, ID_PROVINCE) VALUES (1569,'IGNACIO ESCUDERO',159);
INSERT INTO BCP_DISTRICT (ID, NAME, ID_PROVINCE) VALUES (1570,'LANCONES',159);
INSERT INTO BCP_DISTRICT (ID, NAME, ID_PROVINCE) VALUES (1571,'MARCAVELICA',159);
INSERT INTO BCP_DISTRICT (ID, NAME, ID_PROVINCE) VALUES (1572,'MIGUEL CHECA',159);
INSERT INTO BCP_DISTRICT (ID, NAME, ID_PROVINCE) VALUES (1573,'QUERECOTILLO',159);
INSERT INTO BCP_DISTRICT (ID, NAME, ID_PROVINCE) VALUES (1574,'SALITRAL',159);
INSERT INTO BCP_DISTRICT (ID, NAME, ID_PROVINCE) VALUES (1575,'SULLANA',159);
INSERT INTO BCP_DISTRICT (ID, NAME, ID_PROVINCE) VALUES (1576,'EL ALTO',160);
INSERT INTO BCP_DISTRICT (ID, NAME, ID_PROVINCE) VALUES (1577,'LA BREA',160);
INSERT INTO BCP_DISTRICT (ID, NAME, ID_PROVINCE) VALUES (1578,'LOBITOS',160);
INSERT INTO BCP_DISTRICT (ID, NAME, ID_PROVINCE) VALUES (1579,'LOS ORGANOS',160);
INSERT INTO BCP_DISTRICT (ID, NAME, ID_PROVINCE) VALUES (1580,'MANCORA',160);
INSERT INTO BCP_DISTRICT (ID, NAME, ID_PROVINCE) VALUES (1581,'PARI-AS',160);
INSERT INTO BCP_DISTRICT (ID, NAME, ID_PROVINCE) VALUES (1582,'ACHAYA',161);
INSERT INTO BCP_DISTRICT (ID, NAME, ID_PROVINCE) VALUES (1583,'ARAPA',161);
INSERT INTO BCP_DISTRICT (ID, NAME, ID_PROVINCE) VALUES (1584,'ASILLO',161);
INSERT INTO BCP_DISTRICT (ID, NAME, ID_PROVINCE) VALUES (1585,'AZANGARO',161);
INSERT INTO BCP_DISTRICT (ID, NAME, ID_PROVINCE) VALUES (1586,'CAMINACA',161);
INSERT INTO BCP_DISTRICT (ID, NAME, ID_PROVINCE) VALUES (1587,'CHUPA',161);
INSERT INTO BCP_DISTRICT (ID, NAME, ID_PROVINCE) VALUES (1588,'JOSE DOMINGO CHOQUEH',161);
INSERT INTO BCP_DISTRICT (ID, NAME, ID_PROVINCE) VALUES (1589,'MU-ANI',161);
INSERT INTO BCP_DISTRICT (ID, NAME, ID_PROVINCE) VALUES (1590,'POTONI',161);
INSERT INTO BCP_DISTRICT (ID, NAME, ID_PROVINCE) VALUES (1591,'SAMAN',161);
INSERT INTO BCP_DISTRICT (ID, NAME, ID_PROVINCE) VALUES (1592,'SAN ANTON',161);
INSERT INTO BCP_DISTRICT (ID, NAME, ID_PROVINCE) VALUES (1593,'SAN JOSE',161);
INSERT INTO BCP_DISTRICT (ID, NAME, ID_PROVINCE) VALUES (1594,'SAN JUAN DE SALINAS',161);
INSERT INTO BCP_DISTRICT (ID, NAME, ID_PROVINCE) VALUES (1595,'SANTIAGO DE PUPUJA',161);
INSERT INTO BCP_DISTRICT (ID, NAME, ID_PROVINCE) VALUES (1596,'TIRAPATA',161);
INSERT INTO BCP_DISTRICT (ID, NAME, ID_PROVINCE) VALUES (1597,'AJOYANI',162);
INSERT INTO BCP_DISTRICT (ID, NAME, ID_PROVINCE) VALUES (1598,'AYAPATA',162);
INSERT INTO BCP_DISTRICT (ID, NAME, ID_PROVINCE) VALUES (1599,'COASA',162);
INSERT INTO BCP_DISTRICT (ID, NAME, ID_PROVINCE) VALUES (1600,'CORANI',162);
INSERT INTO BCP_DISTRICT (ID, NAME, ID_PROVINCE) VALUES (1601,'CRUCERO',162);
INSERT INTO BCP_DISTRICT (ID, NAME, ID_PROVINCE) VALUES (1602,'ITUATA',162);
INSERT INTO BCP_DISTRICT (ID, NAME, ID_PROVINCE) VALUES (1603,'MACUSANI',162);
INSERT INTO BCP_DISTRICT (ID, NAME, ID_PROVINCE) VALUES (1604,'OLLACHEA',162);
INSERT INTO BCP_DISTRICT (ID, NAME, ID_PROVINCE) VALUES (1605,'SAN GABAN',162);
INSERT INTO BCP_DISTRICT (ID, NAME, ID_PROVINCE) VALUES (1606,'USICAYOS',162);
INSERT INTO BCP_DISTRICT (ID, NAME, ID_PROVINCE) VALUES (1607,'DESAGUADERO',163);
INSERT INTO BCP_DISTRICT (ID, NAME, ID_PROVINCE) VALUES (1608,'HUACULLANI',163);
INSERT INTO BCP_DISTRICT (ID, NAME, ID_PROVINCE) VALUES (1609,'JULI',163);
INSERT INTO BCP_DISTRICT (ID, NAME, ID_PROVINCE) VALUES (1610,'KELLUYO',163);
INSERT INTO BCP_DISTRICT (ID, NAME, ID_PROVINCE) VALUES (1611,'PISACOMA',163);
INSERT INTO BCP_DISTRICT (ID, NAME, ID_PROVINCE) VALUES (1612,'POMATA',163);
INSERT INTO BCP_DISTRICT (ID, NAME, ID_PROVINCE) VALUES (1613,'ZEPITA',163);
INSERT INTO BCP_DISTRICT (ID, NAME, ID_PROVINCE) VALUES (1614,'CAPASO',164);
INSERT INTO BCP_DISTRICT (ID, NAME, ID_PROVINCE) VALUES (1615,'CONDURIRI',164);
INSERT INTO BCP_DISTRICT (ID, NAME, ID_PROVINCE) VALUES (1616,'ILAVE',164);
INSERT INTO BCP_DISTRICT (ID, NAME, ID_PROVINCE) VALUES (1617,'PILCUYO',164);
INSERT INTO BCP_DISTRICT (ID, NAME, ID_PROVINCE) VALUES (1618,'SANTA ROSA',164);
INSERT INTO BCP_DISTRICT (ID, NAME, ID_PROVINCE) VALUES (1619,'COJATA',165);
INSERT INTO BCP_DISTRICT (ID, NAME, ID_PROVINCE) VALUES (1620,'HUANCANE',165);
INSERT INTO BCP_DISTRICT (ID, NAME, ID_PROVINCE) VALUES (1621,'HUATASANI',165);
INSERT INTO BCP_DISTRICT (ID, NAME, ID_PROVINCE) VALUES (1622,'INCHUPALLA',165);
INSERT INTO BCP_DISTRICT (ID, NAME, ID_PROVINCE) VALUES (1623,'PUSI',165);
INSERT INTO BCP_DISTRICT (ID, NAME, ID_PROVINCE) VALUES (1624,'ROSASPATA',165);
INSERT INTO BCP_DISTRICT (ID, NAME, ID_PROVINCE) VALUES (1625,'TARACO',165);
INSERT INTO BCP_DISTRICT (ID, NAME, ID_PROVINCE) VALUES (1626,'VILQUE CHICO',165);
INSERT INTO BCP_DISTRICT (ID, NAME, ID_PROVINCE) VALUES (1627,'CABANILLA',166);
INSERT INTO BCP_DISTRICT (ID, NAME, ID_PROVINCE) VALUES (1628,'CALAPUJA',166);
INSERT INTO BCP_DISTRICT (ID, NAME, ID_PROVINCE) VALUES (1629,'LAMPA',166);
INSERT INTO BCP_DISTRICT (ID, NAME, ID_PROVINCE) VALUES (1630,'NICASIO',166);
INSERT INTO BCP_DISTRICT (ID, NAME, ID_PROVINCE) VALUES (1631,'OCUVIRI',166);
INSERT INTO BCP_DISTRICT (ID, NAME, ID_PROVINCE) VALUES (1632,'PALCA',166);
INSERT INTO BCP_DISTRICT (ID, NAME, ID_PROVINCE) VALUES (1633,'PARATIA',166);
INSERT INTO BCP_DISTRICT (ID, NAME, ID_PROVINCE) VALUES (1634,'PUCARA',166);
INSERT INTO BCP_DISTRICT (ID, NAME, ID_PROVINCE) VALUES (1635,'SANTA LUCIA',166);
INSERT INTO BCP_DISTRICT (ID, NAME, ID_PROVINCE) VALUES (1636,'VILAVILA',166);
INSERT INTO BCP_DISTRICT (ID, NAME, ID_PROVINCE) VALUES (1637,'ANTAUTA',167);
INSERT INTO BCP_DISTRICT (ID, NAME, ID_PROVINCE) VALUES (1638,'AYAVIRI',167);
INSERT INTO BCP_DISTRICT (ID, NAME, ID_PROVINCE) VALUES (1639,'CUPI',167);
INSERT INTO BCP_DISTRICT (ID, NAME, ID_PROVINCE) VALUES (1640,'LLALLI',167);
INSERT INTO BCP_DISTRICT (ID, NAME, ID_PROVINCE) VALUES (1641,'MACARI',167);
INSERT INTO BCP_DISTRICT (ID, NAME, ID_PROVINCE) VALUES (1642,'NU-OA',167);
INSERT INTO BCP_DISTRICT (ID, NAME, ID_PROVINCE) VALUES (1643,'ORURILLO',167);
INSERT INTO BCP_DISTRICT (ID, NAME, ID_PROVINCE) VALUES (1644,'SANTA ROSA',167);
INSERT INTO BCP_DISTRICT (ID, NAME, ID_PROVINCE) VALUES (1645,'UMACHIRI',167);
INSERT INTO BCP_DISTRICT (ID, NAME, ID_PROVINCE) VALUES (1646,'CONIMA',168);
INSERT INTO BCP_DISTRICT (ID, NAME, ID_PROVINCE) VALUES (1647,'HUAYRAPATA',168);
INSERT INTO BCP_DISTRICT (ID, NAME, ID_PROVINCE) VALUES (1648,'MOHO',168);
INSERT INTO BCP_DISTRICT (ID, NAME, ID_PROVINCE) VALUES (1649,'TILALI',168);
INSERT INTO BCP_DISTRICT (ID, NAME, ID_PROVINCE) VALUES (1650,'ACORA',169);
INSERT INTO BCP_DISTRICT (ID, NAME, ID_PROVINCE) VALUES (1651,'AMANTANI',169);
INSERT INTO BCP_DISTRICT (ID, NAME, ID_PROVINCE) VALUES (1652,'ATUNCOLLA',169);
INSERT INTO BCP_DISTRICT (ID, NAME, ID_PROVINCE) VALUES (1653,'CAPACHICA',169);
INSERT INTO BCP_DISTRICT (ID, NAME, ID_PROVINCE) VALUES (1654,'CHUCUITO',169);
INSERT INTO BCP_DISTRICT (ID, NAME, ID_PROVINCE) VALUES (1655,'COATA',169);
INSERT INTO BCP_DISTRICT (ID, NAME, ID_PROVINCE) VALUES (1656,'HUATA',169);
INSERT INTO BCP_DISTRICT (ID, NAME, ID_PROVINCE) VALUES (1657,'MA-AZO',169);
INSERT INTO BCP_DISTRICT (ID, NAME, ID_PROVINCE) VALUES (1658,'PAUCARCOLLA',169);
INSERT INTO BCP_DISTRICT (ID, NAME, ID_PROVINCE) VALUES (1659,'PICHACANI',169);
INSERT INTO BCP_DISTRICT (ID, NAME, ID_PROVINCE) VALUES (1660,'PLATERIA',169);
INSERT INTO BCP_DISTRICT (ID, NAME, ID_PROVINCE) VALUES (1661,'PUNO',169);
INSERT INTO BCP_DISTRICT (ID, NAME, ID_PROVINCE) VALUES (1662,'SAN ANTONIO',169);
INSERT INTO BCP_DISTRICT (ID, NAME, ID_PROVINCE) VALUES (1663,'TIQUILLACA',169);
INSERT INTO BCP_DISTRICT (ID, NAME, ID_PROVINCE) VALUES (1664,'VILQUE',169);
INSERT INTO BCP_DISTRICT (ID, NAME, ID_PROVINCE) VALUES (1665,'ANANEA',170);
INSERT INTO BCP_DISTRICT (ID, NAME, ID_PROVINCE) VALUES (1666,'PEDRO VILCA APAZA',170);
INSERT INTO BCP_DISTRICT (ID, NAME, ID_PROVINCE) VALUES (1667,'PUTINA',170);
INSERT INTO BCP_DISTRICT (ID, NAME, ID_PROVINCE) VALUES (1668,'QUILCAPUNCU',170);
INSERT INTO BCP_DISTRICT (ID, NAME, ID_PROVINCE) VALUES (1669,'SINA',170);
INSERT INTO BCP_DISTRICT (ID, NAME, ID_PROVINCE) VALUES (1670,'CABANA',171);
INSERT INTO BCP_DISTRICT (ID, NAME, ID_PROVINCE) VALUES (1671,'CABANILLAS',171);
INSERT INTO BCP_DISTRICT (ID, NAME, ID_PROVINCE) VALUES (1672,'CARACOTO',171);
INSERT INTO BCP_DISTRICT (ID, NAME, ID_PROVINCE) VALUES (1673,'JULIACA',171);
INSERT INTO BCP_DISTRICT (ID, NAME, ID_PROVINCE) VALUES (1674,'ALTO INAMBARI',172);
INSERT INTO BCP_DISTRICT (ID, NAME, ID_PROVINCE) VALUES (1675,'CUYOCUYO',172);
INSERT INTO BCP_DISTRICT (ID, NAME, ID_PROVINCE) VALUES (1676,'LIMBANI',172);
INSERT INTO BCP_DISTRICT (ID, NAME, ID_PROVINCE) VALUES (1677,'PATAMBUCO',172);
INSERT INTO BCP_DISTRICT (ID, NAME, ID_PROVINCE) VALUES (1678,'PHARA',172);
INSERT INTO BCP_DISTRICT (ID, NAME, ID_PROVINCE) VALUES (1679,'QUIACA',172);
INSERT INTO BCP_DISTRICT (ID, NAME, ID_PROVINCE) VALUES (1680,'SAN JUAN DEL ORO',172);
INSERT INTO BCP_DISTRICT (ID, NAME, ID_PROVINCE) VALUES (1681,'SANDIA',172);
INSERT INTO BCP_DISTRICT (ID, NAME, ID_PROVINCE) VALUES (1682,'YANAHUAYA',172);
INSERT INTO BCP_DISTRICT (ID, NAME, ID_PROVINCE) VALUES (1683,'ANAPIA',173);
INSERT INTO BCP_DISTRICT (ID, NAME, ID_PROVINCE) VALUES (1684,'COPANI',173);
INSERT INTO BCP_DISTRICT (ID, NAME, ID_PROVINCE) VALUES (1685,'CUTURAPI',173);
INSERT INTO BCP_DISTRICT (ID, NAME, ID_PROVINCE) VALUES (1686,'OLLARAYA',173);
INSERT INTO BCP_DISTRICT (ID, NAME, ID_PROVINCE) VALUES (1687,'TINICACHI',173);
INSERT INTO BCP_DISTRICT (ID, NAME, ID_PROVINCE) VALUES (1688,'UNICACHI',173);
INSERT INTO BCP_DISTRICT (ID, NAME, ID_PROVINCE) VALUES (1689,'YUNGUYO',173);
INSERT INTO BCP_DISTRICT (ID, NAME, ID_PROVINCE) VALUES (1690,'ALTO BIAVO',174);
INSERT INTO BCP_DISTRICT (ID, NAME, ID_PROVINCE) VALUES (1691,'BAJO BIAVO',174);
INSERT INTO BCP_DISTRICT (ID, NAME, ID_PROVINCE) VALUES (1692,'BELLAVISTA',174);
INSERT INTO BCP_DISTRICT (ID, NAME, ID_PROVINCE) VALUES (1693,'HUALLAGA',174);
INSERT INTO BCP_DISTRICT (ID, NAME, ID_PROVINCE) VALUES (1694,'SAN PABLO',174);
INSERT INTO BCP_DISTRICT (ID, NAME, ID_PROVINCE) VALUES (1695,'SAN RAFAEL',174);
INSERT INTO BCP_DISTRICT (ID, NAME, ID_PROVINCE) VALUES (1696,'AGUA BLANCA',175);
INSERT INTO BCP_DISTRICT (ID, NAME, ID_PROVINCE) VALUES (1697,'SAN JOSE DE SISA',175);
INSERT INTO BCP_DISTRICT (ID, NAME, ID_PROVINCE) VALUES (1698,'SAN MARTIN',175);
INSERT INTO BCP_DISTRICT (ID, NAME, ID_PROVINCE) VALUES (1699,'SANTA ROSA',175);
INSERT INTO BCP_DISTRICT (ID, NAME, ID_PROVINCE) VALUES (1700,'SHATOJA',175);
INSERT INTO BCP_DISTRICT (ID, NAME, ID_PROVINCE) VALUES (1701,'ALTO SAPOSOA',176);
INSERT INTO BCP_DISTRICT (ID, NAME, ID_PROVINCE) VALUES (1702,'EL ESLABON',176);
INSERT INTO BCP_DISTRICT (ID, NAME, ID_PROVINCE) VALUES (1703,'PISCOYACU',176);
INSERT INTO BCP_DISTRICT (ID, NAME, ID_PROVINCE) VALUES (1704,'SACANCHE',176);
INSERT INTO BCP_DISTRICT (ID, NAME, ID_PROVINCE) VALUES (1705,'SAPOSOA',176);
INSERT INTO BCP_DISTRICT (ID, NAME, ID_PROVINCE) VALUES (1706,'TINGO DE SAPOSOA',176);
INSERT INTO BCP_DISTRICT (ID, NAME, ID_PROVINCE) VALUES (1707,'ALONSO DE ALVARADO',177);
INSERT INTO BCP_DISTRICT (ID, NAME, ID_PROVINCE) VALUES (1708,'BARRANQUITA',177);
INSERT INTO BCP_DISTRICT (ID, NAME, ID_PROVINCE) VALUES (1709,'CAYNARACHI',177);
INSERT INTO BCP_DISTRICT (ID, NAME, ID_PROVINCE) VALUES (1710,'CU-UMBUQUI',177);
INSERT INTO BCP_DISTRICT (ID, NAME, ID_PROVINCE) VALUES (1711,'LAMAS',177);
INSERT INTO BCP_DISTRICT (ID, NAME, ID_PROVINCE) VALUES (1712,'PINTO RECODO',177);
INSERT INTO BCP_DISTRICT (ID, NAME, ID_PROVINCE) VALUES (1713,'RUMISAPA',177);
INSERT INTO BCP_DISTRICT (ID, NAME, ID_PROVINCE) VALUES (1714,'SAN ROQUE DE CUMBAZA',177);
INSERT INTO BCP_DISTRICT (ID, NAME, ID_PROVINCE) VALUES (1715,'SHANAO',177);
INSERT INTO BCP_DISTRICT (ID, NAME, ID_PROVINCE) VALUES (1716,'TABALOSOS',177);
INSERT INTO BCP_DISTRICT (ID, NAME, ID_PROVINCE) VALUES (1717,'ZAPATERO',177);
INSERT INTO BCP_DISTRICT (ID, NAME, ID_PROVINCE) VALUES (1718,'CAMPANILLA',178);
INSERT INTO BCP_DISTRICT (ID, NAME, ID_PROVINCE) VALUES (1719,'HUICUNGO',178);
INSERT INTO BCP_DISTRICT (ID, NAME, ID_PROVINCE) VALUES (1720,'JUANJUI',178);
INSERT INTO BCP_DISTRICT (ID, NAME, ID_PROVINCE) VALUES (1721,'PACHIZA',178);
INSERT INTO BCP_DISTRICT (ID, NAME, ID_PROVINCE) VALUES (1722,'PAJARILLO',178);
INSERT INTO BCP_DISTRICT (ID, NAME, ID_PROVINCE) VALUES (1723,'CALZADA',179);
INSERT INTO BCP_DISTRICT (ID, NAME, ID_PROVINCE) VALUES (1724,'HABANA',179);
INSERT INTO BCP_DISTRICT (ID, NAME, ID_PROVINCE) VALUES (1725,'JEPELACIO',179);
INSERT INTO BCP_DISTRICT (ID, NAME, ID_PROVINCE) VALUES (1726,'MOYOBAMBA',179);
INSERT INTO BCP_DISTRICT (ID, NAME, ID_PROVINCE) VALUES (1727,'SORITOR',179);
INSERT INTO BCP_DISTRICT (ID, NAME, ID_PROVINCE) VALUES (1728,'YANTALO',179);
INSERT INTO BCP_DISTRICT (ID, NAME, ID_PROVINCE) VALUES (1729,'BUENOS AIRES',180);
INSERT INTO BCP_DISTRICT (ID, NAME, ID_PROVINCE) VALUES (1730,'CASPISAPA',180);
INSERT INTO BCP_DISTRICT (ID, NAME, ID_PROVINCE) VALUES (1731,'PICOTA',180);
INSERT INTO BCP_DISTRICT (ID, NAME, ID_PROVINCE) VALUES (1732,'PILLUANA',180);
INSERT INTO BCP_DISTRICT (ID, NAME, ID_PROVINCE) VALUES (1733,'PUCACACA',180);
INSERT INTO BCP_DISTRICT (ID, NAME, ID_PROVINCE) VALUES (1734,'SAN CRISTOBAL',180);
INSERT INTO BCP_DISTRICT (ID, NAME, ID_PROVINCE) VALUES (1735,'SAN HILARION',180);
INSERT INTO BCP_DISTRICT (ID, NAME, ID_PROVINCE) VALUES (1736,'SHAMBOYACU',180);
INSERT INTO BCP_DISTRICT (ID, NAME, ID_PROVINCE) VALUES (1737,'TINGO DE PONASA',180);
INSERT INTO BCP_DISTRICT (ID, NAME, ID_PROVINCE) VALUES (1738,'TRES UNIDOS',180);
INSERT INTO BCP_DISTRICT (ID, NAME, ID_PROVINCE) VALUES (1739,'AWAJUN',181);
INSERT INTO BCP_DISTRICT (ID, NAME, ID_PROVINCE) VALUES (1740,'ELIAS SOPLIN VARGAS',181);
INSERT INTO BCP_DISTRICT (ID, NAME, ID_PROVINCE) VALUES (1741,'NUEVA CAJAMARCA',181);
INSERT INTO BCP_DISTRICT (ID, NAME, ID_PROVINCE) VALUES (1742,'PARDO MIGUEL',181);
INSERT INTO BCP_DISTRICT (ID, NAME, ID_PROVINCE) VALUES (1743,'POSIC',181);
INSERT INTO BCP_DISTRICT (ID, NAME, ID_PROVINCE) VALUES (1744,'RIOJA',181);
INSERT INTO BCP_DISTRICT (ID, NAME, ID_PROVINCE) VALUES (1745,'SAN FERNANDO',181);
INSERT INTO BCP_DISTRICT (ID, NAME, ID_PROVINCE) VALUES (1746,'YORONGOS',181);
INSERT INTO BCP_DISTRICT (ID, NAME, ID_PROVINCE) VALUES (1747,'YURACYACU',181);
INSERT INTO BCP_DISTRICT (ID, NAME, ID_PROVINCE) VALUES (1748,'ALBERTO LEVEAU',182);
INSERT INTO BCP_DISTRICT (ID, NAME, ID_PROVINCE) VALUES (1749,'CACATACHI',182);
INSERT INTO BCP_DISTRICT (ID, NAME, ID_PROVINCE) VALUES (1750,'CHAZUTA',182);
INSERT INTO BCP_DISTRICT (ID, NAME, ID_PROVINCE) VALUES (1751,'CHIPURANA',182);
INSERT INTO BCP_DISTRICT (ID, NAME, ID_PROVINCE) VALUES (1752,'EL PORVENIR',182);
INSERT INTO BCP_DISTRICT (ID, NAME, ID_PROVINCE) VALUES (1753,'HUIMBAYOC',182);
INSERT INTO BCP_DISTRICT (ID, NAME, ID_PROVINCE) VALUES (1754,'JUAN GUERRA',182);
INSERT INTO BCP_DISTRICT (ID, NAME, ID_PROVINCE) VALUES (1755,'LA BANDA DE SHILCAYO',182);
INSERT INTO BCP_DISTRICT (ID, NAME, ID_PROVINCE) VALUES (1756,'MORALES',182);
INSERT INTO BCP_DISTRICT (ID, NAME, ID_PROVINCE) VALUES (1757,'PAPAPLAYA',182);
INSERT INTO BCP_DISTRICT (ID, NAME, ID_PROVINCE) VALUES (1758,'SAN ANTONIO',182);
INSERT INTO BCP_DISTRICT (ID, NAME, ID_PROVINCE) VALUES (1759,'SAUCE',182);
INSERT INTO BCP_DISTRICT (ID, NAME, ID_PROVINCE) VALUES (1760,'SHAPAJA',182);
INSERT INTO BCP_DISTRICT (ID, NAME, ID_PROVINCE) VALUES (1761,'TARAPOTO',182);
INSERT INTO BCP_DISTRICT (ID, NAME, ID_PROVINCE) VALUES (1762,'NUEVO PROGRESO',183);
INSERT INTO BCP_DISTRICT (ID, NAME, ID_PROVINCE) VALUES (1763,'POLVORA',183);
INSERT INTO BCP_DISTRICT (ID, NAME, ID_PROVINCE) VALUES (1764,'SHUNTE',183);
INSERT INTO BCP_DISTRICT (ID, NAME, ID_PROVINCE) VALUES (1765,'TOCACHE',183);
INSERT INTO BCP_DISTRICT (ID, NAME, ID_PROVINCE) VALUES (1766,'UCHIZA',183);
INSERT INTO BCP_DISTRICT (ID, NAME, ID_PROVINCE) VALUES (1767,'CAIRANI',184);
INSERT INTO BCP_DISTRICT (ID, NAME, ID_PROVINCE) VALUES (1768,'CAMILACA',184);
INSERT INTO BCP_DISTRICT (ID, NAME, ID_PROVINCE) VALUES (1769,'CANDARAVE',184);
INSERT INTO BCP_DISTRICT (ID, NAME, ID_PROVINCE) VALUES (1770,'CURIBAYA',184);
INSERT INTO BCP_DISTRICT (ID, NAME, ID_PROVINCE) VALUES (1771,'HUANUARA',184);
INSERT INTO BCP_DISTRICT (ID, NAME, ID_PROVINCE) VALUES (1772,'QUILAHUANI',184);
INSERT INTO BCP_DISTRICT (ID, NAME, ID_PROVINCE) VALUES (1773,'ILABAYA',185);
INSERT INTO BCP_DISTRICT (ID, NAME, ID_PROVINCE) VALUES (1774,'ITE',185);
INSERT INTO BCP_DISTRICT (ID, NAME, ID_PROVINCE) VALUES (1775,'LOCUMBA',185);
INSERT INTO BCP_DISTRICT (ID, NAME, ID_PROVINCE) VALUES (1776,'ALTO DE LA ALIANZA',186);
INSERT INTO BCP_DISTRICT (ID, NAME, ID_PROVINCE) VALUES (1777,'CALANA',186);
INSERT INTO BCP_DISTRICT (ID, NAME, ID_PROVINCE) VALUES (1778,'CIUDAD NUEVA',186);
INSERT INTO BCP_DISTRICT (ID, NAME, ID_PROVINCE) VALUES (1779,'INCLAN',186);
INSERT INTO BCP_DISTRICT (ID, NAME, ID_PROVINCE) VALUES (1780,'PACHIA',186);
INSERT INTO BCP_DISTRICT (ID, NAME, ID_PROVINCE) VALUES (1781,'PALCA',186);
INSERT INTO BCP_DISTRICT (ID, NAME, ID_PROVINCE) VALUES (1782,'POCOLLAY',186);
INSERT INTO BCP_DISTRICT (ID, NAME, ID_PROVINCE) VALUES (1783,'SAMA',186);
INSERT INTO BCP_DISTRICT (ID, NAME, ID_PROVINCE) VALUES (1784,'TACNA',186);
INSERT INTO BCP_DISTRICT (ID, NAME, ID_PROVINCE) VALUES (1785,'CHUCATAMANI',187);
INSERT INTO BCP_DISTRICT (ID, NAME, ID_PROVINCE) VALUES (1786,'ESTIQUE',187);
INSERT INTO BCP_DISTRICT (ID, NAME, ID_PROVINCE) VALUES (1787,'ESTIQUE-PAMPA',187);
INSERT INTO BCP_DISTRICT (ID, NAME, ID_PROVINCE) VALUES (1788,'SITAJARA',187);
INSERT INTO BCP_DISTRICT (ID, NAME, ID_PROVINCE) VALUES (1789,'SUSAPAYA',187);
INSERT INTO BCP_DISTRICT (ID, NAME, ID_PROVINCE) VALUES (1790,'TARATA',187);
INSERT INTO BCP_DISTRICT (ID, NAME, ID_PROVINCE) VALUES (1791,'TARUCACHI',187);
INSERT INTO BCP_DISTRICT (ID, NAME, ID_PROVINCE) VALUES (1792,'TICACO',187);
INSERT INTO BCP_DISTRICT (ID, NAME, ID_PROVINCE) VALUES (1793,'CASITAS',188);
INSERT INTO BCP_DISTRICT (ID, NAME, ID_PROVINCE) VALUES (1794,'ZORRITOS',188);
INSERT INTO BCP_DISTRICT (ID, NAME, ID_PROVINCE) VALUES (1795,'CORRALES',189);
INSERT INTO BCP_DISTRICT (ID, NAME, ID_PROVINCE) VALUES (1796,'LA CRUZ',189);
INSERT INTO BCP_DISTRICT (ID, NAME, ID_PROVINCE) VALUES (1797,'PAMPAS DE HOSPITAL',189);
INSERT INTO BCP_DISTRICT (ID, NAME, ID_PROVINCE) VALUES (1798,'SAN JACINTO',189);
INSERT INTO BCP_DISTRICT (ID, NAME, ID_PROVINCE) VALUES (1799,'SAN JUAN DE LA VIRGE',189);
INSERT INTO BCP_DISTRICT (ID, NAME, ID_PROVINCE) VALUES (1800,'TUMBES',189);
INSERT INTO BCP_DISTRICT (ID, NAME, ID_PROVINCE) VALUES (1801,'AGUAS VERDES',190);
INSERT INTO BCP_DISTRICT (ID, NAME, ID_PROVINCE) VALUES (1802,'MATAPALO',190);
INSERT INTO BCP_DISTRICT (ID, NAME, ID_PROVINCE) VALUES (1803,'PAPAYAL',190);
INSERT INTO BCP_DISTRICT (ID, NAME, ID_PROVINCE) VALUES (1804,'ZARUMILLA',190);
INSERT INTO BCP_DISTRICT (ID, NAME, ID_PROVINCE) VALUES (1805,'RAYMONDI',191);
INSERT INTO BCP_DISTRICT (ID, NAME, ID_PROVINCE) VALUES (1806,'SEPAHUA',191);
INSERT INTO BCP_DISTRICT (ID, NAME, ID_PROVINCE) VALUES (1807,'TAHUANIA',191);
INSERT INTO BCP_DISTRICT (ID, NAME, ID_PROVINCE) VALUES (1808,'YURUA',191);
INSERT INTO BCP_DISTRICT (ID, NAME, ID_PROVINCE) VALUES (1809,'CALLARIA',192);
INSERT INTO BCP_DISTRICT (ID, NAME, ID_PROVINCE) VALUES (1810,'CAMPOVERDE',192);
INSERT INTO BCP_DISTRICT (ID, NAME, ID_PROVINCE) VALUES (1811,'IPARIA',192);
INSERT INTO BCP_DISTRICT (ID, NAME, ID_PROVINCE) VALUES (1812,'MASISEA',192);
INSERT INTO BCP_DISTRICT (ID, NAME, ID_PROVINCE) VALUES (1813,'NUEVA REQUENA',192);
INSERT INTO BCP_DISTRICT (ID, NAME, ID_PROVINCE) VALUES (1814,'YARINACOCHA',192);
INSERT INTO BCP_DISTRICT (ID, NAME, ID_PROVINCE) VALUES (1815,'CURIMANA',193);
INSERT INTO BCP_DISTRICT (ID, NAME, ID_PROVINCE) VALUES (1816,'IRAZOLA',193);
INSERT INTO BCP_DISTRICT (ID, NAME, ID_PROVINCE) VALUES (1817,'PADRE ABAD',193);
INSERT INTO BCP_DISTRICT (ID, NAME, ID_PROVINCE) VALUES (1818,'PURUS',194);
INSERT INTO BCP_DISTRICT (ID, NAME, ID_PROVINCE) VALUES (1819,'YARUSYACAN',152);
INSERT INTO BCP_DISTRICT (ID, NAME, ID_PROVINCE) VALUES (1820,'TINGO MARIA',94);


------------------------------------------------------------------------
-- BCP_STATIC_DATA_TYPE
------------------------------------------------------------------------

INSERT INTO BCP_STATIC_DATA_TYPE (ID, NAME) VALUES (BCP_STATIC_DATA_TYPE_SEQ.NEXTVAL,'DOCUMENT_TYPE');
INSERT INTO BCP_STATIC_DATA_TYPE (ID, NAME) VALUES (BCP_STATIC_DATA_TYPE_SEQ.NEXTVAL,'USE_FREQUENCY');


------------------------------------------------------------------------
-- BCP_STATIC_DATA
------------------------------

INSERT INTO BCP_STATIC_DATA (ID, NAME, VAL, ID_TYPE) VALUES (BCP_STATIC_DATA_SEQ.NEXTVAL,'DNI','A', (SELECT ID FROM BCP_STATIC_DATA_TYPE WHERE NAME = 'DOCUMENT_TYPE'));
INSERT INTO BCP_STATIC_DATA (ID, NAME, VAL, ID_TYPE) VALUES (BCP_STATIC_DATA_SEQ.NEXTVAL,'Carnet de Identidad','B', (SELECT ID FROM BCP_STATIC_DATA_TYPE WHERE NAME = 'DOCUMENT_TYPE'));
INSERT INTO BCP_STATIC_DATA (ID, NAME, VAL, ID_TYPE) VALUES (BCP_STATIC_DATA_SEQ.NEXTVAL,'Carnet de Extranjera','C', (SELECT ID FROM BCP_STATIC_DATA_TYPE WHERE NAME = 'DOCUMENT_TYPE'));
INSERT INTO BCP_STATIC_DATA (ID, NAME, VAL, ID_TYPE) VALUES (BCP_STATIC_DATA_SEQ.NEXTVAL,'Pasaporte','D', (SELECT ID FROM BCP_STATIC_DATA_TYPE WHERE NAME = 'DOCUMENT_TYPE'));
INSERT INTO BCP_STATIC_DATA (ID, NAME, VAL, ID_TYPE) VALUES (BCP_STATIC_DATA_SEQ.NEXTVAL,'Libreta Tributaria','F', (SELECT ID FROM BCP_STATIC_DATA_TYPE WHERE NAME = 'DOCUMENT_TYPE'));
INSERT INTO BCP_STATIC_DATA (ID, NAME, VAL, ID_TYPE) VALUES (BCP_STATIC_DATA_SEQ.NEXTVAL,'RUC','L', (SELECT ID FROM BCP_STATIC_DATA_TYPE WHERE NAME = 'DOCUMENT_TYPE'));

INSERT INTO BCP_STATIC_DATA (ID, NAME, VAL, ID_TYPE) VALUES (BCP_STATIC_DATA_SEQ.NEXTVAL,'Diario','Diario', (SELECT ID FROM BCP_STATIC_DATA_TYPE WHERE NAME = 'USE_FREQUENCY'));
INSERT INTO BCP_STATIC_DATA (ID, NAME, VAL, ID_TYPE) VALUES (BCP_STATIC_DATA_SEQ.NEXTVAL,'InterDiario','InterDiario', (SELECT ID FROM BCP_STATIC_DATA_TYPE WHERE NAME = 'USE_FREQUENCY'));
INSERT INTO BCP_STATIC_DATA (ID, NAME, VAL, ID_TYPE) VALUES (BCP_STATIC_DATA_SEQ.NEXTVAL,'Semanal','Semanal', (SELECT ID FROM BCP_STATIC_DATA_TYPE WHERE NAME = 'USE_FREQUENCY'));

COMMIT;